distance_remaining_km,current_speed_kmh,day_of_week,hour_of_day,actual_time_minutes
7.803532317523569,29.681776013872103,6,12,9.200390313249317
19.038928974993365,33.671782968751074,3,17,51.8958448348958
14.7738818653224,52.72736966010902,1,6,15.761730681794901
12.173840441842213,27.00021930299461,4,8,43.694132425648085
3.542363488627512,53.482484240608564,5,16,1.0
3.5418931465559518,14.406721548834575,2,11,11.799423156919413
1.6326304372798894,48.83992186043154,2,11,1.4119505429963088
17.390434842611235,52.377381652736815,2,12,23.225810425287087
12.221742728992572,19.090882641866937,6,16,27.985761541845072
14.307415267022886,31.51732661861002,5,19,35.971219357689364
0.9013976387681477,18.27498873318278,0,16,1.0
19.41324211715889,45.330206449710886,5,6,21.136359829267942
16.732631495608224,36.76738840308283,0,12,27.748670965516304
4.640612658226385,41.76616733541605,2,7,3.818737427048225
4.045586860538462,19.824348347810556,3,11,14.819757665597981
4.0763879421419595,20.587293102620976,3,18,15.838660767231818
6.432723737710986,12.074866275495317,0,13,35.11710446440046
10.732750416828639,26.103376759786485,2,18,33.12222308969538
8.922927863521258,37.98723306668374,5,10,20.912549165072498
6.178968233861817,52.89674569986644,3,15,8.800935347582964
12.4311314470864,43.346372372934034,0,8,33.35857618588868
3.2201302827148157,31.76981616998757,5,16,1.784449898286537
6.196820646436754,57.65600571970689,2,13,6.921722318069009
7.644055944226988,45.96226002879159,1,13,6.83685973354544
9.3933646922322,56.5082601431275,2,9,14.728936439490662
15.810931247163765,36.379398663608285,6,13,18.38770142358937
4.393638752088014,22.945213739656978,2,10,17.389761955013803
10.527571549065426,12.6413343182361,5,18,65.9977925105627
12.052084092809828,46.30424257419252,5,16,13.850066923640805
1.4057830480399556,16.065149900276708,4,10,9.941762171737569
12.347124612078048,25.138756413598358,4,8,55.130679683226695
3.8252204119021846,36.62354539419487,5,12,7.058256824682718
1.7685060632129506,38.22082938898738,5,16,5.628239199017127
19.003267976439997,40.0291598493568,1,19,46.32919439815153
19.32982464495391,18.31276651748503,1,16,62.24712151007726
16.263748288270993,28.98687024108244,2,14,28.81775384391653
6.439968498880728,40.85971135584833,6,14,6.780585435494662
2.4046062231244854,58.490943231689236,3,6,2.3955468354584246
13.842544016987059,46.381556884984434,6,6,15.194191394581795
9.082973627922225,56.130187854697894,1,15,8.647300936294828
2.879745579473187,48.11060291570885,2,17,6.202633683970243
10.15594974716977,39.58584844462003,6,17,24.354417261721427
1.1705761617467587,19.601168456817227,0,16,2.63603858167432
18.23174784053625,43.334282594625655,4,10,36.970532642360325
5.546209641200329,41.16897829799535,6,6,6.598288059733944
13.419184544902649,40.123458522863324,3,9,27.83419379007066
6.578365983743514,34.489293399412034,2,17,13.307344895950473
10.641326412967311,36.43283019946378,6,6,13.501456338639459
11.160850447193953,26.722126355905203,5,7,17.21211816810526
4.104661882747777,35.965634632115155,0,7,8.20474095862225
19.40690024140889,19.877795283923913,4,9,91.21248953818817
15.615090055541733,50.25871986801884,0,13,18.739623175509326
18.82022936050169,19.28884773493539,2,7,60.07331702808991
17.94913333333915,14.24831449447332,1,19,128.33061684044154
12.15904958681616,31.81230131785787,4,14,26.1652639763941
18.47654758295078,42.915371975303096,0,17,42.156132706733786
2.22560379001243,31.885841246677067,1,14,4.591528308799154
4.321665817173331,23.83770659756543,3,7,12.684419646008365
1.3819321337554924,37.90855919452204,2,6,5.171461445579215
6.843941449883655,27.350116770609997,2,15,16.599217234533864
8.0792071489449,56.64338450633166,4,15,6.482009958836187
5.7913061195909705,56.1322569801786,0,14,2.8802534237391924
16.66038142846262,35.11859099860477,3,7,28.124454077203346
7.456689870524991,26.394199700912925,5,13,14.284033942182262
5.978222938903925,46.85662069783196,4,19,16.97152091814167
11.082573621585846,11.835647174153332,5,8,57.25081151084393
3.2480223870078717,33.738450302182564,4,6,6.997714844911794
16.14284112470377,26.816169713516675,0,16,30.76364031042969
1.953737551755531,56.02679425512773,3,6,1.0
19.744295263710086,10.600151363634128,0,15,113.47912085301576
15.55877300128482,37.64074378591745,2,7,22.418533412521562
4.374955789916362,47.0331790533313,5,12,2.2577218036299564
0.6076812839102468,34.250899376202064,1,17,1.066084944548903
16.401497854869266,14.270151508136083,6,11,55.52311816123498
14.283718205028533,58.62306950139511,2,17,22.969221268439217
14.715639776799252,35.9005215688049,2,16,24.529459322129384
15.539771760375942,40.70931221595057,5,7,17.45845424692306
1.943870708814762,21.830489135375366,4,9,10.668443403250148
7.490081706613316,34.174904255340195,2,7,12.182582200447593
2.7594466607400294,31.457474597916093,6,6,4.267234375397324
17.330516804574074,13.744792100099186,3,17,144.87139940223247
12.65431347313738,15.30801767737336,2,8,86.23531767444015
6.952511484626659,51.873625980938726,3,9,13.432824698217933
1.7393878305774608,21.99099761032951,0,15,6.700954096285357
6.5641552734554125,19.747913574931527,4,10,37.06033629685072
6.841074779521567,35.245572562506965,3,10,20.77189541809086
14.727320477592249,48.437356568125644,2,12,16.387870536833024
12.932370691426655,13.097325928949395,4,19,105.34251235204523
17.80064848023837,38.84039598191279,6,15,22.46416352993577
9.708191040658011,15.960522142028669,4,13,35.767883529520866
2.832087795796883,11.823052541280923,3,14,15.032233293292876
14.408273350848402,12.63719760811087,3,17,132.33316968350547
15.335308448029501,51.70820541042207,1,12,20.2552146243967
11.444905352605177,15.898624181403079,1,10,68.1198513354743
15.533860009113939,12.257568220614598,4,14,77.81405615783318
10.12901412910562,31.894994357145613,5,13,19.053252477593205
10.693290172948885,52.19967359710124,5,15,7.765040508794382
8.837049857991717,23.120418824465098,1,14,25.27574988034556
0.9956729715098562,31.08563087629582,2,15,1.0
2.603882826369437,11.996126628187561,0,13,11.596716890427588
1.112869120891318,32.45392570674379,4,11,2.0338450409846707
12.910003019643717,38.88065403185668,0,9,33.08469156268089
6.6299416309883705,38.545352687607235,1,14,8.693755353781095
10.417128477711705,26.621334608718257,3,17,42.04064806184161
18.197546241558815,25.776659033156776,6,14,33.22005880251895
5.361198468403061,15.331180946829894,4,15,19.65094250110655
8.50246699919478,28.33991603231342,1,15,16.095809942720308
15.23324720158945,14.974733443648233,2,14,63.88609835626851
4.9615642270866385,48.329797235602584,6,19,5.30235478169416
2.0011082416614636,58.31371488740929,4,15,1.7236160967283114
6.150153331818476,58.503722833335345,4,8,10.225879091461419
3.643815101453086,53.25355496876969,5,16,4.903441061510669
18.629104220680176,40.039607466980954,3,17,51.19506589274183
16.25834740150613,45.043284862194,4,8,25.56951979148848
12.851373251953257,24.260290134020703,3,16,31.746217076831577
17.493481508660494,41.53852100863104,1,11,23.020185271491272
16.17160549953273,32.78247747199387,2,11,29.02774790518944
4.138116148277699,34.100866988846626,6,18,9.734530531470057
17.904900470554566,47.8888280187579,6,18,34.20594575306537
11.017173717355188,24.09591777986258,2,11,25.857275359066744
16.24508302569922,25.901980584725994,4,10,52.21015991098978
17.973780348508118,56.23208955643183,4,19,27.083357189122477
6.701067761951346,12.811214742548612,1,10,45.56656675274775
2.6460125282896967,34.28171492066702,5,7,5.454158313828313
4.944735669567863,55.64004002039309,5,19,7.794604642811146
8.828601878211998,40.51815039090785,5,12,10.799566075981524
16.451287935488615,37.320353710606604,3,17,50.29689662019014
17.284246373498696,22.48720896146776,5,9,58.21932749043576
0.6355665453582187,27.163774453222413,2,19,4.721950011742651
10.459572400262532,52.602420790234646,6,8,19.612575770312365
8.63951456140119,37.96090658842291,6,13,10.554802868608398
4.83110230417924,35.737109687838995,3,9,14.49613461553684
2.837374663006815,14.978985677001447,1,16,12.830064204504998
7.083495842370745,10.801407822756156,2,9,59.78390666629554
18.886739226294125,58.184259434352455,6,13,15.91897521174816
6.802457174404727,28.849308364342082,2,6,14.027965268798889
10.616417123995639,40.16065310497521,6,14,10.813066609064425
14.208869698455969,13.98575365936425,0,19,107.58777138858908
7.590777246396232,44.155714286152325,1,12,10.047224576912829
19.449750613058733,56.62833543529805,1,17,25.04425587847968
19.26772225137117,38.783262649870984,0,7,29.98333185950361
5.409754768594601,16.305766118770528,3,16,24.551297697420992
10.196345864901517,39.08607637367383,6,17,22.071924406457985
6.3671270414270085,48.31736065523262,6,11,6.391558508749226
6.054389640360618,30.320826828700934,6,13,7.903552396724951
1.2192954734133896,53.99188739707339,5,16,1.0
12.386504512607988,42.434147667868224,5,10,20.016282122459256
10.3022409529628,54.962445914460126,5,11,10.2567763743196
1.5038356493747924,41.17526556236686,5,17,1.9953898100921315
5.933606052613923,16.564398600241212,5,15,16.446136528660443
18.211184776349747,25.484585555259457,0,13,43.866955848710234
5.171456868005962,20.089747412622845,1,18,29.797479375035888
3.3254500057788503,55.441324885843116,3,11,4.157433544612099
10.044328825412478,48.02000336437413,2,17,22.94755850241833
19.720183855156712,43.8199184455003,5,14,23.730605444509468
5.220077794474258,25.048315981581084,0,17,20.84878535454732
13.606643174414632,19.202238602510675,6,14,31.586979048161343
15.351582498909993,47.82255439944559,3,14,20.975191552500156
5.133932107851794,33.707897293953984,3,11,12.430036309033756
14.700218797931262,21.289477607531456,3,17,77.44229927849874
7.671771088025438,40.831098908263755,0,17,19.71852550687993
12.829963696574799,12.016692606922598,2,14,62.974172113405984
12.853829359837446,26.308512706412674,5,8,32.23424257755732
10.94760633945779,33.42784972955673,3,10,35.53609051127645
2.260650516060962,17.397916705470294,0,7,5.004809040232661
16.78839866399014,59.23272387954198,6,17,26.288382373523877
6.755211266948849,20.454868229480713,1,18,33.68414249859073
4.1371109527971575,16.517656502163277,6,18,19.13619087660656
1.2951152603178964,20.17674369434482,0,13,4.693179878191759
12.022412392170715,48.45305665798621,0,16,14.572003946862383
13.712505055924508,31.27528296359214,0,18,43.78709763278985
0.823462664093195,38.2707969876269,3,9,7.504518715627583
10.485814636835979,11.050457849318038,0,11,57.49396815504211
4.91666761635979,11.721565428665727,1,11,22.327382812089972
13.080869412984272,32.29127749135081,3,10,43.50572824301641
3.900145365597333,50.832762160081174,6,17,5.769414103034909
13.973285892998087,54.26194393537826,1,17,25.72905731228737
8.04133925286048,14.33532837978201,4,6,32.44271927181353
18.76623478036632,36.91815510505114,6,16,26.371209264436434
3.181658410846868,55.66148431396353,0,12,5.2244709775512
7.150793845480041,29.398637719894317,5,15,10.532892320814897
2.7127336641914868,51.47829157141843,5,13,4.871149735440694
18.531525556431973,16.68478271997181,3,6,65.21982458936236
17.60811739092913,56.769724483389936,5,15,18.27511712330996
5.529861740445535,47.57116587656513,6,12,6.654802731599226
13.36968889766649,57.06671963934508,3,9,17.756444582345715
16.43583290392371,43.83086167762532,6,11,17.229582697593045
11.326415826189516,28.17019659997135,0,14,22.90694958220677
10.828186277942127,56.909058626236124,2,10,15.404769104719524
5.216119672558808,23.778338815458923,2,13,12.573569178509166
2.3155039722150343,26.60862610308663,1,10,10.256251875287289
17.99570728008987,45.040420900087014,0,7,20.320540002989283
18.058152114684944,48.26581497626931,5,9,25.702637383900182
12.845478416828724,56.47017419245769,0,19,19.456362350577177
7.111080925449663,20.240120452810473,4,7,23.50957815503453
7.309586704946887,49.8999017609612,2,12,7.42177867577101
14.656135737969668,46.927302669848174,5,12,17.4639975729809
17.993650069075255,13.189727812679894,6,19,108.21510331382794
17.798185273169786,29.361157060510347,6,8,51.86369977002642
15.707573144223666,24.138272853004928,2,19,58.040519160282805
13.019617100008611,25.224521217701522,0,18,53.53654505636201
2.1407293174034523,59.14734397773504,5,12,2.3459852329467545
3.6517599248449684,42.138870673996394,1,6,1.350510796276506
18.021806676278047,45.883807889674976,6,6,18.574209040480575
12.325366663362004,58.830881865750456,0,14,12.409459016162277
0.6793425065242782,28.860089122881934,1,11,1.0
2.478695085887626,50.0920084226403,5,18,5.8439093465418095
13.438284497607087,31.72654816522477,2,19,43.44582519499834
0.5987008850012644,53.47668359074899,4,17,3.072831985875746
3.6357570026412236,19.03287706556516,3,10,17.428076566823016
11.20030889264843,57.38430885321398,2,18,21.443328981517585
13.991956355007519,20.938585420543983,1,11,42.10365813027672
13.21324456030071,26.311025349046577,0,11,33.45538664073611
4.873251534480916,47.80961170533902,6,6,4.969671352851767
14.387494816276948,29.687757078270334,5,10,35.82519187805248
5.126357206187602,40.410568838322334,2,14,7.259157402114073
6.84529411410572,32.22867505347142,6,9,15.833027781059632
15.05658239980147,47.118496854489095,6,8,22.140213029104935
13.167841531420686,21.416562618430543,4,6,40.54241376643047
17.05985650463647,12.92289936184385,5,19,111.15214319512495
13.323451399856696,24.99646987365331,1,7,32.92148869344893
11.582017765041696,33.715433243421515,5,8,26.08579650999991
2.326657972647803,18.401002609633927,5,9,8.821978762957944
7.670458159658954,27.739864482819435,0,12,14.12096816833641
5.671446169793646,29.999150914678427,3,11,12.049719399882134
5.257798045892129,12.869592184413676,6,16,22.16512297069507
19.473705817672688,39.16536240921023,1,13,31.21104735639561
8.165405631001828,54.217171398564375,0,19,18.44405175127923
17.89490782595371,17.58714564765262,6,14,48.093917973871015
12.807203206946626,39.8904006700757,3,11,16.214385292877765
15.998820419062143,43.23696024554231,0,12,20.65869477910379
10.301423315551245,30.966734020964417,3,9,36.271056992652866
11.749625750214003,45.0548793682135,3,7,15.61896415630717
10.104095029467846,30.5365771745506,3,14,22.39135531994868
4.307238262061867,35.23186439887175,0,14,8.79639899475889
14.587816247599354,10.367652227721349,5,9,117.19729228308307
5.9750610675966875,44.58600570673444,3,17,12.539218118228758
0.9741613454133499,43.06713394723622,5,8,3.788804846306096
13.086709770189772,11.920043866317227,6,15,54.44867837142027
3.9536582484374545,28.412505369756655,6,19,8.68820590333335
18.83894239488183,58.95159203958337,1,16,17.252046175445408
19.101607251550455,31.03682812843084,4,11,35.696024994936565
18.339855609298745,35.09727025659208,5,19,46.084067660944555
7.718094654981166,55.49650790798593,6,19,14.09229362469247
0.8014040223129149,45.86309379328782,4,8,3.1208952159327357
18.602211970460644,39.10350655621118,3,6,30.2743465922089
8.84959089218763,49.890234067053626,4,9,18.81085167768561
19.349768971351555,53.218313322798664,4,6,21.357945994751574
19.29058955324043,32.84440358686334,3,7,35.914628692177665
17.13368438161352,33.75541824659177,5,8,46.82543891190994
6.241753395356921,29.30254678259179,3,13,12.588577269550422
8.009405707737542,58.33530700092303,1,15,8.971344896261268
17.09716509457871,44.85831271451752,2,9,36.87817740857995
6.679979100547414,14.161153310403614,0,9,42.361887755043306
3.8051085603788035,53.147981165650926,3,18,6.593877785562578
11.357624617937828,34.02799704181341,3,15,18.59714388745033
18.755018096135228,13.437695321124373,4,14,85.02337391455536
14.072581035161974,37.48586275816555,1,12,26.114986661696097
11.616192816742617,30.858213948785103,6,7,20.625145495056643
2.3949416285299865,53.88747024313125,6,8,3.278551779341841
12.49264092063381,20.199730180469366,4,9,47.861448187340116
19.806050077033134,51.32323047460915,5,9,27.1332127814113
3.2316382971122186,37.884434559272634,3,15,5.356495613460886
10.607428221092867,12.730515160673452,3,13,49.945721192337224
17.60877490259513,58.59226506627423,4,15,18.719361334567857
14.944988046206987,35.630762205159996,3,19,44.53813638504158
14.091806949407726,24.543842711579124,5,15,28.073755683703205
14.198439637748631,33.470342099462904,2,11,22.917732788346466
7.510077448785226,52.89288917587445,0,8,12.248559108636918
6.22504096315762,25.245156219253175,0,16,14.452631547924687
16.282542531831016,19.633819824335013,0,14,47.264891580060095
16.297211196244024,16.453562346544075,2,15,59.16481027052602
17.40791021231202,24.892969919510563,3,13,46.40903920827743
18.30819077485119,49.00240435200217,4,14,21.3942276728458
10.471176777788287,33.58131825976308,6,10,19.847080887501914
10.279567746400392,21.374080184677,1,8,41.10058078635755
16.066755989852116,18.309249980487458,3,9,64.71677724674812
13.17429665016642,26.636473825518955,2,19,34.407252039643595
14.188354106525216,56.99621864428544,5,18,14.52599913557653
16.017957054003972,27.15133562950122,2,17,60.21165711624693
17.855104165442544,59.40620379773177,6,10,24.735115425222368
7.090905558604948,34.26152278826781,0,14,11.45236632433499
7.823867576478908,18.95819591450754,3,14,22.450621371862656
2.3326478268969453,54.55700458967547,6,19,2.2389836213762826
11.776462749425393,33.017768656741346,0,8,30.245433259954545
1.2008743390364707,45.48356717522622,1,12,1.0
9.579161353582974,59.185579160457586,5,11,11.902596036206166
11.081570376797744,12.5087675159987,0,9,74.99111275382505
6.087554416501546,14.834727989378358,1,10,36.20232705628979
12.02124858109571,46.02283707313781,2,19,21.90533091167219
1.0947548738114639,24.091250164773598,0,15,1.0
1.2282896806096812,19.215069847504953,0,7,3.0241452935377553
16.540710932863337,11.968093990986475,4,16,79.21569302567667
7.523717507519627,11.09233559931009,5,12,35.10561322247603
2.9776799967117533,48.72428015598955,5,19,3.3871245248869917
10.683743571068685,16.7216713684775,6,9,42.52295355151199
15.514874285422911,33.38603079855754,2,7,29.181674807996213
4.708510036188442,40.294840758974146,4,16,4.91564290416265
12.646364278470505,31.417590028442312,6,11,17.347329019271786
2.1642755673784757,11.355332616811655,1,16,10.677635462438213
1.50779356278785,49.175075129395445,6,17,1.0
10.861415315578887,10.525661227082674,1,7,60.60701997066622
11.042384871397077,48.0944947188742,2,15,13.379546220542341
12.929883079215028,54.66522468940614,5,7,11.137618113695986
14.6587810075919,31.641996052858616,1,12,25.14691863842158
19.529115549519425,36.77712365488991,2,6,31.372095491380392
10.567856791873309,33.849169630882685,6,12,16.147141723740727
6.797651222354296,29.460430931171942,1,15,15.339173679056602
16.00613079798972,54.371226768518014,3,10,24.814317266103174
5.781228899610447,54.69667553349952,0,6,5.964091389850616
9.059942703759905,26.790818232076727,6,11,15.736684698035333
2.029899436174186,40.7534877007349,5,12,1.0
0.9943394966014214,56.34537810729321,6,6,1.0
19.27164408621954,58.10292494706758,3,14,21.49332468694656
16.801612349988012,35.44795202110238,2,12,30.063016129753418
14.071497018827111,32.641240264216336,2,6,26.6895237616152
8.474582416078263,23.93471579642629,6,8,27.804400094278122
3.8792392413814927,57.9435936595205,3,10,4.517816036711925
3.550522332086178,17.14071522364337,6,9,16.358392062584475
5.3797365142096085,38.991478802386254,0,7,11.703111701012002
11.20991996176935,24.127513375931944,0,6,27.847569287925257
14.434620492651215,23.95041451738983,4,9,66.64350117894973
13.37384884599576,30.248429368809422,1,12,26.301716250218934
5.958710990445885,59.939646790782724,4,16,3.351659030901932
19.119872972932285,12.748315341991104,0,9,115.43021118750777
14.888989875567486,38.927090910176574,3,14,19.906345377257658
11.309904023972313,14.128607901763859,1,19,64.47045788719687
12.428554551569869,17.726041499525948,3,13,42.246898348586505
8.682201217341904,31.978147088644935,4,13,16.388848503580647
5.330754295272571,35.523006567322064,2,10,15.222534967314033
7.441467233699601,22.9396204182262,3,17,29.815875528395622
15.277999154055198,25.82285654372081,4,6,36.876253787506556
0.7806730282802394,14.348351012796652,4,14,3.4102288693878235
2.7634164898848668,25.160989192212526,4,7,5.184816426090048
1.3970515194241786,58.3279219690272,2,11,1.0
1.2942116452199177,57.235369083624086,2,15,2.962346244222071
17.181481388214642,26.74391450684925,6,19,38.16664457031539
14.221328257910463,38.54269681393808,2,10,25.143904699903338
9.746389667202841,55.479769555547215,1,15,10.163177572918475
2.4077661326945288,10.309191132044834,2,18,25.374526952859895
10.08650956477823,50.53417851687959,2,13,12.578625815817198
9.73269953022103,57.418477639445946,2,16,12.67751714470703
3.8774364632452962,14.566286716677853,3,8,28.163377774047092
8.960107160140474,18.072384301646053,2,11,30.061747545687474
8.270842320748782,58.03731513856777,1,11,8.828511681919531
12.509076912018221,36.877007182017316,4,15,16.06359837734728
12.884326191919055,10.709831723586184,3,8,114.75452973718748
1.3834281905548682,22.881599938176457,0,17,9.024721926800309
7.804945985216189,32.49718371344298,2,17,27.140301650186927
12.70426835642761,44.64544555123838,6,17,22.65677294957916
10.31115704231171,46.65801890683998,6,12,8.098605162209974
17.201551903172284,59.771075646272806,4,16,15.829905715408568
13.344525816569428,24.37555996918795,4,9,50.57120975098888
3.677221328087879,36.91100509342376,3,10,8.72913534007921
1.876090574308382,36.66617739298025,6,14,2.532201700069319
13.027175925023155,30.282262972361874,0,11,27.81824692688937
1.0169705555616253,18.45809469212101,5,15,1.0
11.922623834832534,58.872828159192125,6,18,16.508123526342743
18.834489707786673,52.6658593333293,6,9,25.385796375189674
11.72174646857964,34.916651414711865,1,13,19.004858993999548
8.069313561027176,40.16227113420149,5,14,9.250188135282288
13.044120259625887,21.363052677983113,4,15,34.78163552168694
9.435931364584574,37.18935351958734,5,10,22.13043224099217
11.139527391660732,44.74850665607379,6,7,14.741231751537592
18.85856377114224,35.75835141932944,4,11,34.1232081294166
8.029001437115099,59.514258529247066,5,16,7.915694339496915
19.243215994566327,40.56708281238631,4,17,54.39145595717974
18.154337518143244,28.548685629608453,4,13,36.91373902661644
4.317927128391281,48.607601380791905,3,18,5.57741934265897
1.8525453670657264,18.5231255790821,0,10,6.967972413109587
2.46517102685982,29.225790685313328,4,6,3.7429142801660964
0.8553256002052196,27.34794751887929,1,13,1.0
2.341637734740604,31.590354755388862,6,14,4.614281668293777
13.818632081618958,49.08899129643631,6,6,14.158434993096094
1.8881786449744653,34.20865160817037,1,13,2.9604324717017128
6.7200247907283455,49.70072251329814,2,15,7.884432761287022
16.975068563904365,38.82444515699329,4,17,39.662106793891574
0.9538027468486043,27.103471732877768,4,7,1.0
16.382135410484246,50.49893718417362,4,9,30.364620976845018
5.9961681080812985,21.91448352765458,5,18,16.723055963213728
2.8042141386222967,21.219148989989776,4,7,6.797501616429252
14.086374724600937,35.22514620274179,4,7,27.014898901712314
12.764385512207738,23.042462298104446,1,15,33.838718994860955
17.61070426377753,10.454351747560816,0,8,154.03819139088205
14.833885354175772,42.41487636494008,0,19,29.244185967036756
16.16787814250455,35.5546910736199,2,13,28.47416588897488
5.999674165140476,32.275890724658055,1,9,15.951555006413932
3.960071103704595,58.348425730915764,4,12,3.669444070569759
15.136987656996737,38.559959198145684,0,17,36.64573939631774
16.233277415711648,53.171578889469224,3,15,17.030190368174853
19.814850269013128,16.97251181025801,3,8,114.17245418184974
8.546044699772816,38.46032315647139,3,15,17.08081031047929
7.754352672959272,53.39898133654515,4,17,13.586741541661645
15.640052734468938,39.1552878639949,4,19,34.01776740472316
7.145669034933848,45.900708906350076,2,19,18.854197762449264
18.649767849269512,28.60217839061037,6,18,58.73960163776182
17.23904866093873,14.62247585185333,2,16,70.26501010082498
8.865383533812858,32.895014756353575,2,19,20.747486946926802
15.141985821934199,29.723969541942875,5,8,31.666436112633114
15.213586044651306,53.35300911894737,3,7,21.253574684201865
2.5109154423006856,22.199765117623613,4,18,11.42706658979109
18.09978168025155,58.3367113767554,3,17,29.558818136366405
10.352421262733214,57.90690599022481,2,11,12.380242350787816
16.615920589100963,22.381582153571934,4,11,46.486141945464446
6.7409672200969295,27.402597773866024,1,6,18.484902621711726
17.96270295567591,54.777787043694254,0,12,21.835410273917493
8.08943273531618,58.331111044805375,0,17,10.7417297700278
0.711334203865818,32.1719551418022,2,19,1.0
18.154948540175642,26.049852282044892,6,19,50.89810057371788
2.2800901973296046,36.304700662577105,3,9,6.021536525522662
6.72661593301309,44.38846031828674,1,18,15.909586463144961
19.026208357490695,23.67372576874899,4,16,46.495334196111
19.036839365282344,46.82365873095364,6,17,25.04673963881736
11.682038818404079,12.58286785573205,3,8,69.3429398961823
12.820825637311085,12.464724638220822,2,18,103.0735790965757
9.244687678577236,29.314385257277262,3,18,26.525175075465082
6.217610048112259,27.67365960303603,2,13,15.05427789934188
6.908958634713361,25.781660768357614,5,7,16.683296666983367
13.614109893502249,34.5509881334455,0,14,22.171152656820308
15.17130332403476,26.03667911557856,6,18,40.82640259302723
15.935791352654046,19.612895923404597,0,13,44.794925860394024
15.897553784493802,25.473477454430046,3,13,37.42987631272046
2.2785190094494623,58.74521364051175,1,18,4.715574695639438
10.141195941700339,30.55567084974243,4,8,32.88106927150904
1.6223958203245634,32.235638842916785,2,18,2.6554340635090425
11.215813205312843,38.827249497557005,4,9,25.999845576743905
9.109844776780852,59.16703842071133,0,7,11.45492863612562
17.810231563786846,22.08006382178815,1,7,46.14277189032677
7.342842744765535,44.06410552662169,1,9,12.75622196818302
2.7828068203383145,45.799234677086204,4,11,5.804695258047669
3.288337800030299,40.366220839653295,0,10,5.155051432655226
15.349457318490709,14.428916981832204,4,6,64.74179969607256
12.55525223466709,43.84361379137882,3,18,24.887509239575152
2.4718921843944095,13.204735551808774,1,15,12.904607609604577
2.14008271924245,39.80713247749485,1,6,1.2830017241154883
14.16889806345284,46.97905886108713,3,11,15.171533048492607
1.9188786241017737,20.548494530997523,0,8,7.158201336705872
16.526271156161947,52.0811003771387,1,8,24.805643176493156
14.271723429551676,11.517690276650214,6,12,58.977606556994495
2.0863012225170454,52.1906431829153,5,18,5.9766808285091155
2.1543354246612423,33.01645253213825,5,18,6.645121493983482
19.73947178077292,20.879396996582223,5,6,43.918134104262414
7.798280517244346,16.6889072496984,2,6,29.728532536462037
7.727521867804373,57.66535837911863,6,19,10.925902460177745
16.3495915615213,13.633279379057836,2,18,102.44699626151873
18.971347258985244,19.95467099679628,0,15,58.002491324990174
19.72702074454598,27.3911173716523,3,8,64.40601785590552
15.190874612549361,41.011742448056026,4,19,36.16886191120025
7.837061917852857,37.24005426380492,6,13,8.31745029623656
2.1282639756240407,16.2821746206157,0,6,10.32125755829653
15.654364860585018,24.48639918691073,4,15,37.3549627284691
11.388882869848198,21.937588554301204,0,18,45.63647262480101
8.772329180316037,20.67714272451707,2,9,37.67637702724824
18.17391050934735,30.55721682399935,5,14,34.76616422970002
2.668350904969951,45.20157262958284,3,19,6.50427467511942
10.106189533671753,20.872646610861796,2,9,34.27984162787018
0.7213960729646718,28.33394398514907,3,15,1.3831896721281882
9.638882518885461,29.545871342058113,6,13,13.958225454056704
1.5979138757958284,58.82282647177051,4,12,1.0
2.8169493672274024,57.733317843953444,0,8,7.2842545108167105
2.791761812153545,50.006879137603796,1,12,2.0062775909051567
13.15960089126324,22.082946040959257,1,12,36.87895620562701
15.047875145675754,13.401865704583484,3,15,68.5620618819745
11.875690919394613,25.84520688603124,5,8,27.80810209880486
19.262364695253567,23.339727471691543,5,7,40.95359772081896
7.809976300712229,35.2962900073197,3,14,12.687340028918426
6.071385682496285,48.88639550338965,2,6,3.446145835535124
17.437682999694477,52.9161469439429,1,19,28.405874710220115
4.860118851129326,52.243204270525425,2,12,5.738308555874366
19.282839519091922,27.983778061153387,4,9,65.20192713622521
0.7370122564514187,44.361717173034144,1,7,2.2925784578317
19.412637120798962,25.641709876211003,4,7,46.95297053053991
1.3416182830362342,13.045277161759135,0,13,6.606907618771524
17.877290717112388,45.07826328014711,2,12,23.992280944772386
10.790171627182847,10.491377628489392,3,17,83.56233156749242
19.862813524326356,30.45912937292443,1,12,36.97880156260342
1.939033012340278,26.468963465103787,2,10,5.085905539712825
11.300158545825756,44.66887692594262,3,19,23.322285685756498
19.40139944457243,48.312273638018944,0,15,25.166544558989635
10.700407961317902,25.20473179856419,1,13,25.002319862415064
12.773273443637619,50.581350722242675,4,19,30.76353291091377
14.067099435200035,24.695838025246687,0,7,33.08043430512781
9.363550762971578,32.316317999328064,5,7,14.230408843757239
12.737382561639237,46.3509263507067,3,10,26.175893217694526
11.894129082500454,44.64601146123943,1,6,18.568317169889504
18.072581204574284,59.36842361561,1,11,19.586653761877336
1.3862044166584284,21.258051210796594,6,9,7.900520575779748
5.978782197048491,43.115895676979115,6,11,3.770772711707754
19.033023939492896,40.48409541378887,0,12,23.782725291258178
17.860143785872868,55.7549227245015,1,18,29.52823459900185
9.385306679321403,17.818107082243753,3,8,58.9221474804057
12.592585657129966,47.58990817934665,0,16,17.0837480115768
5.908933068132087,38.41343081343842,4,18,14.718955091043775
4.168362614613345,23.733293489395273,0,13,9.768225124744264
9.542118896329653,33.72174570735871,0,12,17.650935186480087
7.39036844650803,26.68882985348989,4,18,22.969134583460598
11.881294181092006,38.96567013942304,5,6,13.001617415211614
2.0158254208172046,54.450030540733295,6,11,1.0
19.500698749490248,38.465249220610104,3,12,28.937146458974556
19.731109517352255,41.58612091632921,5,19,29.45311279327386
14.11415342338503,35.93739235573547,5,16,22.177739460516634
10.953879143710347,12.558275322273795,5,9,57.66288530062929
6.535788517583391,21.642927843804713,6,19,19.686359003187032
16.3690028842855,34.600086471604136,2,7,29.306714609321418
13.852257864800645,25.511764187235237,6,15,27.133922753986482
3.67103031722538,19.088179888059713,5,14,8.219584995046958
18.263080097629928,35.206642095921914,2,12,32.361775551631936
16.539476237001796,26.140489672392516,4,6,38.80294948161468
19.021098309192517,22.905382158670736,6,13,38.957664459918945
14.651530413573019,33.19927087201904,3,8,31.95646968138492
12.461596320747903,16.66421290410866,5,9,41.490429095286274
8.655739207667068,56.38728665377037,1,17,19.438741706053747
18.688205425403257,53.38510489596195,4,10,43.534947742217874
17.388245845257963,45.38102928702676,2,6,22.99117716649904
1.3817640670706934,15.31069137942281,6,11,7.135730079194039
1.014156002696414,48.79386272348465,3,15,1.1423090055285572
7.841035654121967,50.39786640545095,0,11,7.0459962441162975
16.30578995024574,48.38823088571689,3,7,19.79977141640443
19.75188452164142,15.698294355962059,3,16,78.47682441805615
3.4331293765187993,42.195397853388236,5,15,2.6984759740881503
12.085548949366634,51.71623978746993,5,11,10.945197792591525
7.927371704304919,38.867670060983386,6,13,12.161252742205226
19.413330757384763,42.32036876140445,6,11,24.252292424632742
16.92131900114632,32.91817397131531,2,9,38.86685545251111
16.84740974186719,36.43536599420263,6,9,30.77631804248267
9.63951661600192,11.718842917586262,2,14,51.47963321180511
8.588980295584472,41.948151098664226,5,11,10.445228575975158
5.831437902648772,14.07236064455796,5,13,22.45171433143431
1.5993221846930787,31.75072971701117,1,13,4.366151049491199
17.362086336973537,24.632754883370392,1,12,41.99444940373972
16.351569678036512,37.27139751058566,4,8,35.394268566821026
19.994494629079547,16.670816776160354,5,15,56.798925828800016
19.934418322941156,44.58217009866591,0,6,24.897244269340884
11.330918259251234,49.75057684642352,1,10,17.18983099583271
15.495254596019954,18.167722487157825,2,18,69.35006730602349
18.922931732707347,15.215654367594109,3,15,75.24489435323268
17.068124118209525,17.275774139367957,6,15,51.02515510044286
5.323287983992354,53.856378094925084,6,7,5.576589858561035
9.285610638546824,36.40946308781781,4,17,30.3240934017304
3.018608595454152,33.36304980037513,1,15,5.22938064886196
19.103995031545086,15.335590955117713,3,18,94.0107433491584
12.32040537179216,42.47780033784809,3,7,17.664119766774302
4.958534707317523,53.3999795947545,1,19,7.07758329655784
13.598163345914207,51.40929346617265,0,12,15.220771420484674
12.553500688928969,41.302735449040064,0,16,19.87787285716381
7.484173001640389,13.76393583258368,4,18,39.44212168683218
2.714373047892766,15.619851358800648,0,8,20.189803775646062
13.595677314059593,12.465449355491234,4,18,125.23380552686058
10.646000167623969,22.873960824623467,2,13,28.1604127525005
15.560208638844967,16.78307335801889,1,14,57.33574075646536
10.64318827168387,23.002402012621694,3,19,49.93037245255519
17.117539256211533,29.252902785948084,4,18,53.6540309652124
11.262183356102469,57.149139203556786,6,13,11.339957022854392
11.438290444940032,40.518802989084605,0,11,18.7031658547322
17.59474525183773,51.748689284148114,6,10,22.146203585515213
8.367915891141742,45.51757503561661,4,8,18.376906643930827
3.1132969547874945,15.625156526331587,5,8,15.70529205522983
1.0612621881101099,46.796020318697444,4,12,2.145560187543542
15.22517648563557,23.75494407795622,0,18,67.37533376084774
12.596036251392562,41.95539234973532,5,10,16.97750652879214
14.22955547793486,27.048098682149426,5,17,36.7077709378522
4.652801149423759,59.88361316323296,0,19,9.82619958740451
3.1592437739420105,23.177573974838893,5,11,7.199703670748761
0.7836209805236976,23.956523538713483,1,19,4.630156649329677
7.336457396728641,56.53361277811992,3,11,6.959256507995263
12.003394893665345,11.232220231816134,6,14,51.46054525574512
8.148758879444781,44.834449393659845,1,6,10.938509761830485
9.030760979462716,46.26631953679391,1,13,8.108467054092374
18.131094542628095,51.81892887051997,0,15,24.57143498598568
7.2909816069543565,58.721965531923765,0,18,14.816505418228775
10.52279503861631,58.78009595783262,6,18,14.829677735534391
15.78123374845229,13.263837878323194,3,10,90.19778866739456
8.232584255264769,51.09196613764512,4,18,13.782339073759127
12.630690654443534,42.31549668286907,1,11,19.500861545662193
17.31609232056153,42.36710671865456,5,11,18.679888887603965
19.01565216132402,16.41749633073474,3,6,69.79131842234278
3.36793287811624,42.509358322282665,1,8,5.71685430090675
18.56845869064914,59.12412903006239,4,17,26.733278683520286
10.096267715050995,55.59092847697235,5,11,5.657114248228014
5.535765571829688,31.956533040242526,1,19,12.648469895431868
9.453147246646095,11.997398664304717,2,19,59.11771352104277
19.610635218066804,28.114674500010242,6,16,32.06564554839754
10.106052832860957,51.31951558002776,3,16,12.493363021385884
6.91065640060641,45.0749550732583,6,14,10.709015014736043
12.851316659176153,32.96718277969782,0,11,22.145866719517723
5.182839566174765,12.755076757941556,1,17,40.72255935275829
1.9793348981189465,31.34473639116513,5,18,7.025594663971092
3.01315457725766,33.45124698589417,5,11,2.983835732459432
2.9968938596765624,56.427776644706796,3,6,1.7558247404023026
3.46210252348974,42.05430517910797,3,14,4.050584281350638
3.2071298666634975,25.582645832732446,6,9,10.681654361843176
12.997057523662685,36.26591322253607,5,7,13.665915305611161
4.046661645783324,13.302765391108004,5,6,12.906488810211943
7.240512024815333,58.62841178248684,5,8,11.314606033473845
17.987373993167232,28.0029950965363,1,8,69.54443079599237
9.74225198512601,33.89336774565679,5,10,24.52554268735252
13.51737590116003,27.76419871184613,0,6,32.27167835109015
3.860237488431782,44.125586505810006,5,12,8.019155951946075
4.24963586676908,43.11160791647965,0,18,11.379492158925503
1.2969380171963378,45.76611552645678,1,6,4.043979498554887
3.7942337299072086,23.40716148059604,3,9,12.151002437019521
5.932511611123193,25.7834240582033,0,11,12.07249671291087
3.951704443396563,16.262561554810397,1,6,18.007966607938116
2.2296994082625847,42.77549859230563,5,12,1.9743487060636888
2.852399486461716,11.989856366782627,1,15,10.519932895778574
9.485185976638153,39.88411677617295,5,12,12.252120028114332
4.523507508912954,53.48479424258169,6,8,5.20664530676387
7.603262290437471,54.541607414481675,1,9,14.988566277963244
10.31663678166971,32.45188801849808,3,11,14.31177947209986
13.962699158272624,32.96518441065369,0,19,35.80822994150596
1.2665867269014293,13.848459150400867,6,16,4.995221874798718
16.08850277872633,43.53825127215179,3,12,21.56528088134214
12.744057595072702,51.06297101864227,2,19,23.29228423290215
2.094301123003002,22.232752730235653,5,18,6.473450531240738
17.534783170082157,31.065044081668233,0,9,52.96020103399667
18.457011810370357,51.94196683826352,3,15,20.78946451568024
1.6910202171698432,53.8560233831144,0,16,1.0
5.899114138870472,22.158999013211297,2,14,17.743944196584337
16.220924955964698,37.52853172706821,4,14,22.17599957243567
15.091063962481337,19.624657531791353,5,14,35.61656575600766
4.098159877449358,15.093938206977828,5,17,26.39644335977406
4.582311805065851,55.55602506959788,1,15,3.274576849727162
7.724206004431949,51.02537521160546,5,11,7.506131472289223
9.948198211224916,48.00174509015869,5,7,13.286717884766382
12.555968044840771,12.43831594065702,3,7,60.88431272325229
7.693815971610562,52.186439635512876,6,16,11.357617390862309
9.519426964596384,31.902203795269187,5,9,30.83601999021211
15.075683293608252,27.11975616479298,5,14,25.379537185391182
1.2153224563666591,37.32381805126882,2,8,1.0
5.422520414708405,14.567662136177791,6,11,16.659202685157496
14.410316924748773,47.83232746761994,2,7,18.83614677320551
17.95653333490039,39.1217538444148,0,6,28.231981023372864
10.47771012125549,19.329504843658377,0,17,56.779374035992554
10.876212962673655,19.41160998845228,5,10,42.65030164021288
2.5898542211256332,19.21243257863371,5,13,4.913860361598879
9.224541153057366,12.850119377596698,1,15,44.18845394618541
10.886036695872951,39.38992246858424,0,15,20.563763037247867
5.2281748208772285,52.0174088794254,3,7,3.8365859301650267
5.750243003512929,10.87491069936943,5,15,25.235722512097198
7.857041180540142,12.450232248563678,3,14,37.14492666072038
0.8913883566656642,38.63851383434729,5,17,2.4082904764108997
6.780543728871977,50.97478426930262,3,13,5.5865921899940645
4.62323613643262,26.33694452843168,4,8,19.145250248208477
6.886198367469335,27.48071994038611,3,6,17.47653993122243
2.8353615704753987,39.817324874838796,6,9,3.4931200067712114
17.86528197442795,23.710644456207348,0,13,47.200322428740186
12.075052844303949,11.330418303884207,5,8,98.28368781411613
13.742495223317547,46.761425905079804,0,15,18.14940317543701
15.888839152843097,41.28249564707265,6,17,26.482250587414974
10.219622879116617,39.037799952782954,6,7,13.316170457228582
2.1949456177047617,47.08420644959116,3,12,2.130088195920347
10.973577565461682,43.76154187810187,2,9,28.1102094319875
11.943401801407143,20.294099408916058,2,11,32.79649019288122
15.036069746594436,27.624052347167556,6,10,44.2701954541069
8.917361151478747,16.30550708393125,2,7,31.88348975164164
2.9878159045134933,16.49285067089405,5,15,9.339594085683682
6.033630163075127,43.80978731782696,1,7,7.560550853994082
7.580104779773384,52.93000534912491,4,19,14.850519141509917
13.095386205966223,58.136629193056955,3,14,14.392386313084659
11.630176941043782,41.41735587747222,1,16,18.153721665842415
7.443886155008002,19.20506616804785,2,15,24.831131758106018
19.737047351463104,15.282517272446535,3,7,77.00675146396019
12.3126089774593,50.64254857683789,1,13,15.166211526084656
5.125922438851893,38.93782381799996,0,13,8.229195783904856
2.484758216097873,40.91425105068599,2,6,4.933653678828358
3.4807532140944746,49.07310443773546,1,6,3.364591200690124
5.296175703497909,45.16386138662258,5,18,6.218863385038938
3.6332867785613354,51.72291264280483,0,9,7.694685504829965
4.138056969000463,12.810695272993923,2,7,20.95437155741117
6.059355789530018,47.37603183732524,4,17,12.414007986358943
3.880785108247719,52.54263786610477,6,6,7.3497359717045185
17.98692578021529,24.306752122915718,2,14,43.25699863686459
2.064558040402023,42.02236369966264,5,18,3.6793413941579707
10.727972096619967,25.708103191848604,4,8,49.548316845965985
8.5027381262984,57.8985533241227,4,19,17.179987502713075
19.656383029717826,11.671178621775187,4,19,174.30714301551325
2.6847585922770207,38.989642191647754,3,19,6.956317191115859
8.258184181391961,18.325177352475755,3,6,26.418383248645696
19.404673448869694,45.61101025885793,6,7,21.260165753366323
17.377388954932616,18.794514170933105,4,13,55.22461006189571
16.432905383510956,21.76916309491788,6,10,55.93065024159217
5.529105127376327,34.718540552287905,0,16,7.63056113713574
3.8323079541062834,55.7417474998439,4,12,6.495410388966442
13.538542788526405,20.58571860739854,1,11,37.972445235894845
18.622831787987923,17.212001055905176,4,18,102.25191445365199
11.35687641377163,47.948841592701534,3,6,13.623639336216973
11.646447444663046,35.03097661669655,3,11,20.916988262477823
5.9595923263755415,55.58925561908857,1,16,9.510958312763787
15.50511219724277,17.330727857992116,1,12,52.81842717549257
4.147353096871706,42.296394651151964,2,9,9.112916106122602
6.811745109882752,21.643957307590753,0,13,19.871152832522164
8.796010553020126,17.838021432581964,0,13,28.253128630552265
10.398402384346873,44.171470757863524,0,12,14.569113289077935
5.226989782094065,39.684230995436664,5,16,7.8118706366958985
2.739318082414469,47.74137291811656,3,7,6.84459379110247
12.407090827611835,25.473128822309118,0,11,28.394149779847552
6.128295788184987,32.39858281910949,2,11,12.040944593303951
11.834145317740939,30.273583816520922,2,17,43.51200056369926
3.510072947846945,59.20447319832571,0,17,6.425729830125329
9.882231986168941,24.612447836969395,1,12,22.907228106610148
10.885493934755925,24.740861917338343,2,11,26.06074017094881
1.5105589680373246,27.72741044143037,6,7,5.651411292093156
7.063783424781452,38.22970406451607,1,13,11.341184225859404
3.121086200309998,22.616137213187262,6,9,8.299525322493825
1.7358119242189711,55.764497018963695,3,14,1.0
19.804224531603932,23.284278243313175,5,13,43.007940064246704
6.785899977007098,54.79078657800974,2,19,15.485488111426523
16.29255169416538,15.173753182329232,1,8,83.02835943370678
5.465492767893395,42.82813511998262,6,8,13.13111845459971
13.78930308336662,55.34927592191219,0,13,13.882761592374205
15.324443267848888,18.437471919911477,6,7,37.810959309944934
12.114955441852963,58.41634800496275,6,14,9.764860367384692
9.695735676728088,32.64416802077558,3,9,27.834668653779513
8.530897825871737,57.285755422051224,4,11,9.416427910282055
7.302931197588408,43.84100218150235,4,8,12.201159179226073
18.625818312832603,25.079343493677577,0,8,79.05359641967324
16.69707845186072,19.41512624585532,3,8,88.24147411899801
19.318024757996994,25.18675231125497,3,16,46.68352956514599
2.923795857968122,14.65087046313375,3,18,20.989740838512432
14.751915766471063,17.19339831716649,3,15,53.144998439175126
18.79763890801024,15.233022017324057,4,17,96.2701707725751
4.034044790230373,31.147177187077887,1,19,9.119389747908393
1.7966772136521612,49.77891881287932,3,19,1.8694335404405555
14.95185266115615,17.06917771081701,1,19,101.26702512301381
11.702225707008282,16.516021658616793,6,17,43.87373382297906
16.915661146786306,42.171447475866536,6,7,20.497377346747232
3.225561344212645,19.859149098403314,3,13,11.92944344439201
16.00771258126786,14.88050190544958,2,14,64.2535856433001
4.431732740931018,18.342428910278883,5,13,10.672542393846273
3.691290885881238,56.18656979383881,2,15,2.047497664806291
3.7031830596543625,51.07356263880954,6,8,7.977303039641008
16.384207044511953,27.703228117754705,5,12,27.943603857131958
13.471345803575902,42.79103836636964,2,16,17.437349868310058
10.699775782997827,36.863783683401905,3,15,18.915950623658805
7.497194440408299,43.8562131741282,1,7,9.578532443521672
17.605410545855612,44.13355762313797,5,9,34.18946447906958
8.15267959474139,41.43670075299965,4,17,19.698125525890894
16.423689069695754,23.30506842686543,0,18,78.74194865069987
9.06313071711926,11.950321038140906,5,19,69.85494744169847
7.850416373785698,32.778339099505445,5,18,17.185603722682078
9.522255820557325,54.54869423453519,4,11,8.744292037715205
6.376868546200771,38.4748629259288,3,16,8.052490916380599
15.078382913436897,51.61955208509539,2,10,24.39744197284822
10.303047606803343,59.581217148061405,2,18,13.023607299329067
5.028147555362938,18.18081020691381,6,14,13.91403869168013
18.041704178854086,44.58888195709912,1,15,26.126054990339078
7.985878816777623,43.71467868500123,3,9,12.902462162059559
11.099280791722778,58.997772367913925,4,10,21.403555246091138
18.176206163808665,59.280036697640014,3,9,29.838633270496132
12.672640920322845,44.33393058620647,3,19,29.84348507130904
2.7795117938130995,22.180739599109714,2,18,5.712049799871458
18.826726410462765,49.927791906529954,4,19,28.36321811882912
12.740307034892648,15.351456710551904,0,13,48.800892314717366
7.03065948581318,49.03496520858143,5,18,10.699518436928871
3.2158054169360515,55.509806207234824,2,13,3.486209761230814
15.98349119077077,29.14166973842176,4,8,47.23338224570045
12.591418740606013,41.53176474915402,1,6,15.61837799934501
10.90249129353827,31.507136604841314,5,11,16.266510117486263
17.930905369493676,31.888252749406423,5,7,25.978653852939782
15.877645618878349,25.518544455406,2,7,41.40311897050961
3.457660154788648,48.10648102251623,6,8,3.3882256029092197
6.578580322013191,56.80882820832526,1,13,5.430485775522001
5.345538226382082,57.037542961723055,2,8,11.294814856567871
15.006952705167201,18.73906424374669,3,12,46.546082873177646
1.1538824773476979,53.7371824828283,6,15,3.2969206873245356
11.612848854990672,46.871572071356105,4,19,25.278153572996956
15.367944371943466,22.64187003451446,1,15,38.89263885322816
17.596929916854116,13.364230646075727,5,14,65.64118765186146
7.170594099960195,23.3998633442189,2,18,24.709737145312328
16.51451744110425,55.61041183907628,5,13,15.923646756913467
2.6573188706265407,41.65893374478861,1,6,2.922109837546753
17.005819688823106,46.05273304489359,5,12,16.488203767674435
2.986028915473657,22.857617555454794,2,12,6.822475606025776
8.247102165927162,45.969407778741015,6,13,6.3703062698018735
16.047259632701298,11.406075313896189,2,15,86.22840386268773
3.423389833301089,28.76606728865069,0,10,13.98522754982018
4.970402207036509,41.33766742711656,5,15,7.553400729714937
14.583925083664793,17.30482827706601,0,14,52.91867039682816
14.54071246264845,51.15017872234674,6,14,14.72724946427517
13.002378841263297,21.751564940595934,0,13,32.96049892165859
14.031994667108451,42.61405564092231,5,11,13.866912409921751
11.083126645278126,30.259857128766484,1,11,23.677727805043414
5.410081648685579,39.80217977388236,3,6,8.266463785190924
7.241071873326429,15.372527631445406,6,18,29.35838468437954
4.0411554776278,10.845639996080367,2,11,22.1785302693083
18.21478594600575,55.47822136901506,4,19,34.20563498041272
11.87613999793935,23.48150043835914,6,9,30.888370372136563
8.316602626890978,50.983850139022955,0,9,9.656702229758135
9.509113171060587,59.96751502361001,1,19,18.294569873140237
18.9720251224304,20.571562899945558,5,7,44.40072241502413
3.490352360763564,23.25853705916778,1,18,13.82179291137957
11.931481724327545,43.14298938173329,1,16,14.00440637849298
10.364829238247086,58.27243173003106,5,19,13.34313071560264
12.423357590975632,55.790717409537194,4,9,19.26631966169915
0.85314858450639,35.14377600327924,5,10,2.055839658319987
17.506416224410955,49.75551412633623,4,18,44.74828678256667
18.676306508430443,16.787292654995053,5,17,80.93211208484144
11.520097079989574,58.87190921020061,0,10,18.35652006829701
14.084691065599399,58.21766170179932,4,10,27.90228750829706
18.488737932957267,18.186447893958547,0,9,120.94286042212421
14.291153369111273,24.97115624015533,6,6,25.242712778114825
3.474511336828096,15.007749875338346,4,19,20.87305418579505
11.737623023252857,23.585879944908985,4,15,31.52408549727389
12.33094340446569,50.79778947076033,5,13,12.043300320211358
8.770548090396527,28.915780358262975,4,8,28.391396514050694
14.860662594682095,14.41984835733792,0,7,60.64318902050933
18.72015678799579,27.111276238945226,6,14,31.887758505065452
18.54858600168214,59.069166712064,5,12,16.130523077143962
9.291367742380576,41.484179762960146,2,14,12.57955303642285
2.7081418938947275,30.80804732030789,6,18,5.629748799894679
19.704403379765523,18.3269256748635,6,7,50.40375895870707
16.858512685695715,59.30883986418474,0,14,13.938072962557431
2.9309222834637034,51.042450463156435,6,15,7.946413823526267
18.45641671103876,24.073865122545968,2,14,46.80505183867394
17.462979060211502,13.503434786059472,1,16,80.53752438032059
10.617342113958406,12.831277868877901,5,14,37.486768539819295
12.029870997026121,16.01890747527669,1,15,48.09619856732615
8.28055272546754,39.03842918072108,5,18,13.191702659623733
1.567851957029611,56.43817106027462,6,15,2.393988856167578
7.036346212095068,34.837171400299226,5,9,14.27607861760197
16.155642247661223,52.14727412280986,0,15,21.61036683941415
0.5903244485897557,32.294330992990396,2,8,1.76798820254465
7.003233847977311,45.42917728839126,5,11,5.390852812609522
8.264289525023393,46.59363686432504,2,8,20.250897696932302
10.979214257289495,18.698185295166933,5,16,29.36677119593476
18.43718452004883,28.060802948790588,2,14,38.35088437596819
7.253746890136244,41.865107826901195,1,8,14.551274008149088
7.26558743697644,13.534830409218308,0,7,29.111854477278627
14.881274338140093,28.07700938814783,5,13,23.484455020489236
9.31824984735124,36.739973314059625,3,11,16.10621827125853
4.879794047329648,59.811224652231935,2,13,6.6590806544999275
9.32257056458752,33.726678131122036,2,18,29.438185690097125
3.2467118974060973,50.80283785571618,3,12,8.386394251385953
3.9395462368713545,31.603364253330888,0,8,15.793749140724882
10.218171568419855,49.81953613098545,2,13,12.002180479668706
8.669046265338684,39.77074008100542,0,15,11.207173272810238
18.33949507082795,54.32977207511992,2,6,19.74123923714129
7.566681032774346,30.547127617505495,6,6,10.7875286170536
11.821472830421847,40.21522099107394,4,18,27.347191057961027
12.829153614430842,41.500934030941366,6,18,30.310980728098325
0.755341903472506,30.869147090023667,2,15,2.427680945803801
13.438978754325856,17.215602184374077,4,18,72.94960253948032
3.9717013539601527,14.677970345616778,5,13,13.779337070745678
19.240871190654374,10.833577529981655,0,18,135.98087643906638
3.3989231911857027,53.67671321226073,2,14,2.659343005881359
8.585170412676963,21.823745611934726,1,15,24.408350023579803
2.1643185275335552,20.575337464088403,1,11,6.768735780664606
19.939047910995974,46.80177002130328,3,10,36.23595199016166
10.29280270145923,26.000805654369586,1,7,23.76596190619843
12.110007837740854,35.30223462059183,4,16,20.229474172622776
1.8079913090743358,18.125553264872813,1,14,2.836926662424801
15.124229172783966,57.98728607309846,1,11,14.035738886665554
4.593159065363922,52.57907000086187,1,13,5.858974939338962
18.01205864409392,53.18948114825017,2,14,20.73767694911989
4.5002229893991395,30.33868742860026,3,14,10.089742066439333
4.218410552941498,48.11806068535864,0,13,6.161235454951216
1.21271852303785,17.19380776948901,3,17,7.867627262238571
9.705305429644985,10.430950129589014,4,15,53.82262015352544
11.51440209862102,10.998646628901406,2,13,62.81470222802292
1.7813184688528712,39.33008687022802,5,8,4.238636613474825
15.622788525552707,32.76974526239704,2,18,43.68120578694743
9.339132277586538,35.900767445425984,6,8,19.07477491168262
10.725610251887812,10.37315702086097,1,7,61.081087163333954
9.09487356529545,31.134330982871287,1,6,16.283188226495508
8.314879687068856,45.90340806004304,4,9,14.527280366579385
11.412986460510249,32.13468509837179,5,7,16.71795147981384
3.527184795648894,46.610960315611116,6,19,5.472116058138697
4.047598544657787,21.650948219841737,2,19,24.170295449186696
17.304819609763587,50.65710022408627,5,7,14.16637687507227
18.949251511605837,39.42156202267262,0,18,56.6709824239851
7.779531667455182,20.53815497149531,3,16,21.44133954235282
5.779521126299299,21.83602379269165,2,16,15.929930656523254
13.057991093160807,41.40152322847685,5,10,27.404543949064937
8.47031633641288,51.496979660622166,0,9,20.32632966767574
0.9950339353767248,30.78138910145776,0,6,2.820186011900472
3.544975648640712,22.915021456379613,6,14,8.981775913459701
14.461458462524252,53.35058034553002,6,19,19.747469716953926
13.34901686724795,43.46341458754175,3,9,29.096934307238683
1.028371853817928,32.40427436415382,0,10,2.390532253489127
4.828457157692514,34.39500976396509,4,12,5.6104552666377066
5.005958533467393,20.21282339681982,0,7,14.495969691100118
13.601908500175204,41.3401315032422,5,13,16.019898233510396
0.8843554862101011,27.93712552714443,6,16,1.0
2.53011734869919,59.782258833717464,4,7,4.286523942390602
16.098363664777192,34.00917576309439,6,16,21.098649573627117
3.9816209100595055,34.294280309480655,6,15,3.8649612726191496
13.228549103111556,38.29258937053359,6,10,25.722727261520006
5.144564230411167,55.83780015593734,0,18,9.620835829340244
2.4391071588072304,50.040904992987514,1,17,1.434053513883922
5.241857724489354,32.55650348989207,0,7,11.541736929889503
14.584205171185353,45.9349632986398,6,7,10.921114716099595
17.186081128072573,39.31177493903808,4,9,43.21495031115325
16.689287359056337,34.61835243506245,0,9,46.20267476204173
8.245078827559869,19.615788639217527,6,18,31.79438618205977
13.5276601631276,33.19681317274454,6,13,23.035715453707013
4.497193760608509,22.29092935112873,0,18,13.678324786841841
6.216380740089758,55.74210749258273,0,11,6.57873530642698
17.978548461161836,26.770340674817348,4,15,38.16165362189457
0.7535375084593527,57.613200726668616,0,13,2.323132687063922
2.1674163516621276,36.65276450473556,3,18,6.693381485793458
4.553781975347532,41.57721893380801,5,12,6.35684652392737
1.0173779755394845,37.14702222446639,3,18,4.455065877806622
4.0379909842510475,16.469030848335045,4,15,14.035595783807699
11.869310438908997,28.79106095039705,1,9,44.96529649869237
8.71777873655371,14.957305613881196,3,7,37.95046381039639
17.90709836600101,41.14770220916908,6,14,21.458045487754507
16.440149453899597,32.343709760021945,5,7,22.185597947523295
7.165438358108581,48.89924857854684,2,6,6.382168481507533
5.558756951910204,21.023524049968493,5,13,13.576060494743865
7.904001959261705,18.228302921466746,3,15,23.802840949690868
12.010751379038751,30.31661154818839,2,14,21.083840602506626
5.727240996046087,56.329269160919054,4,6,7.867944137482315
12.670903703058114,45.52109075062059,5,12,12.443318679551327
8.483527217729188,30.946181239645934,1,7,21.28708610052753
11.264920026613614,35.863608487715524,2,11,17.531337298900212
9.004467318138676,14.210650558854917,2,18,57.687156781438006
6.242082311067395,59.22879481880565,5,16,5.777110679819659
18.994839485762057,43.32036523474595,3,10,49.84346369691705
15.390312986115337,24.270203423171125,2,6,37.87905588724327
3.2322069274458247,39.290419710762215,4,7,4.719944233045685
17.435125530009298,15.4741183034497,5,7,60.56861795253488
10.004908365865516,58.29183344037918,4,15,13.619630941441741
17.943768424434783,18.739249394168297,5,15,47.64944796618525
16.097177490972648,42.40151590276071,4,11,20.32736997871894
8.791663337150052,22.272723126946524,3,16,23.535847464758035
0.9381515122422892,45.87806913242679,5,17,3.1100602191714186
5.739208508006449,48.841068362014056,6,6,7.136814610795391
11.061867185886905,43.670986445571636,1,16,17.753223447469217
12.852825286609871,40.72497301275963,3,18,32.414475564656954
5.528809865947444,54.623454697600586,4,9,10.615000599141196
3.217443444420071,13.931335549487901,5,17,16.763375712178103
16.781139617586334,26.54573828900976,3,15,40.59906139691816
19.695842523719268,22.414373981542298,4,16,54.12054317021794
10.750958554902374,59.40069810327108,0,10,12.54755356510448
3.8477460740419183,29.469488983343673,0,7,8.283782523733679
5.809992867127694,46.63063496201994,2,7,7.576381729691228
0.8586181926756014,44.23625819405023,1,12,1.0
18.32882672792973,20.604061873868886,0,12,55.23474039771006
2.796146116357752,21.949884010577566,6,11,6.26856237169318
11.742071272527944,24.064228177651707,4,6,28.218188050610614
5.844076803400517,30.556363912968962,3,17,17.993759024286813
11.306471049057972,21.71625328252634,5,18,41.03345447624804
13.202697572861352,10.98257413734239,3,17,114.18585850650547
16.67996517229043,53.96965284035977,2,8,26.485935905319828
4.525214799331763,58.2804915690442,3,14,3.663056141129589
0.7144186588403694,27.078519351578397,0,15,1.5940336012637206
3.169269786341742,26.925343971273644,3,6,7.189970188407371
18.05036351603805,10.35459063871855,0,7,104.97750598680138
17.54085651246905,44.012534416518704,0,13,20.37415750664161
12.149555492321012,51.27199478743144,1,12,14.458593024235824
12.210078778456241,17.33041501800016,2,14,39.834473056201375
13.468215153651983,17.983317468357537,6,15,38.786566188514996
3.919739933157267,49.50416249857189,6,17,9.471472571218754
18.331032945536716,40.81453741770723,4,17,40.02855060795317
8.666025235395425,12.243027881385851,6,9,44.45871473711431
7.9712013008652,41.127349523114084,0,9,22.315899417887707
10.618895253015332,25.445886142188304,5,12,19.87500185034442
1.4158363521135735,28.436257773542298,2,6,4.137382571710351
3.7425256907435482,48.48657091484401,4,15,6.432960140315728
14.891655520314224,50.54675963363053,6,17,28.7042069686437
2.1145740245399662,30.01783134199153,6,14,1.0
12.26146613459457,57.35764680031774,5,7,8.658461114811734
5.284307638785759,30.32313589760361,3,6,10.571589411458763
8.091264473818542,48.591801761505494,2,12,11.649898842095919
6.1295278670286475,34.193863228212955,5,11,10.208013514796953
7.435617971066508,54.8766163261042,6,17,8.827726135510472
14.521395151092786,55.38806218250893,2,8,29.00536124340102
6.293873454651913,14.370840393554193,2,6,25.258082940386664
11.544890485789495,56.824666565511286,6,17,12.211728422070587
9.782982842882443,51.27674207602078,3,10,18.239426165951986
13.441587724571638,49.565535715633345,3,15,14.281174885013128
18.768179916832782,20.04556698427612,6,19,71.63273445222146
14.78515589559988,50.25596043773324,2,9,29.43465570458527
4.691337382519757,52.50663673425184,5,10,7.858225890674254
1.108071133695051,24.457516722707545,1,6,1.0
5.614148863846589,57.613003918116185,0,6,2.4237864455889775
12.104019648654969,12.493007319958213,3,10,78.65457823173602
1.5028033629428819,17.495462662356985,6,11,7.083154992475064
10.179141820424109,36.87905690257571,1,10,21.99197886156909
12.13843555387934,38.78962355611549,3,7,20.375951446369655
7.017755870930736,42.25750416504517,2,14,10.324365950514206
15.532787973043527,10.848456465773323,6,10,118.19805216517811
2.57866593610855,58.01833873110651,1,16,1.0
1.9651867438482709,12.2294046367072,6,16,6.899921570454591
14.699680745970266,17.15309763617012,5,10,57.85413735921591
10.16208066602087,10.70072587630285,5,15,48.54624878688955
13.923846730340852,38.34292166470473,4,14,22.15483842666352
8.979133102773051,56.613344196048615,0,8,21.389298186762023
5.304839648162583,43.29735830402321,0,10,13.731758271200642
16.472495194646896,51.13287342402137,3,18,23.228679505240727
16.088609639895097,10.664060172929004,0,17,158.29126971441377
14.046581181661322,37.100764923986304,6,10,29.628567386977597
5.806830175984272,32.97814887527609,6,7,9.578253358503698
12.009498003947199,34.94839721103965,4,16,21.623547417456678
7.538990990330523,13.610659266759397,5,9,36.89243886794178
2.285850429869366,44.221768053465375,1,16,4.0621991941111695
18.387614721513735,35.161020742931726,1,16,32.46998145191127
3.1679633029197474,48.257442493063195,5,7,3.7552838807142805
19.029628399505647,34.264531703085765,2,10,50.579014314607065
9.197112572680137,17.469081811321605,5,15,23.154831720374514
4.110092112353083,42.4128477038911,1,18,7.74848897620276
11.067068473877983,18.619318105258312,3,17,53.875405231670705
17.52244379958996,53.619728167740746,4,7,20.480667875298934
14.778385284986443,40.65581195346208,5,15,17.92513939814584
16.22794238329827,17.860194177847713,2,19,81.84006467500896
13.346275650858988,58.116902874060344,3,14,13.52663278613986
13.999393008098123,35.91827316676603,5,15,24.15232898849366
17.059315205523728,13.64492259358275,3,11,79.06841833385087
5.368526172754126,41.341645220753364,5,13,3.197973624082163
10.043786791041239,22.659945350640513,3,14,27.90739804408717
4.813584115482243,50.18467259386512,6,18,9.099622208364913
19.759526155934616,50.891103678309534,0,13,19.051207611342313
18.90915712388896,58.94736779273309,3,10,23.616504452851974
1.268822821685865,35.09347655122519,6,10,3.3011825782893665
14.258715864055926,32.747843986386854,0,11,26.113314681384633
18.542342189605485,47.67378027232403,1,19,44.63854647769554
4.021219229983004,16.62353281709633,0,6,14.672078719789825
11.574931995776275,37.34577568965621,3,18,38.27111778922605
18.352021802966817,37.31238000654255,4,16,32.6075683903087
1.1619465824230775,14.47365614051936,4,13,6.357969491403827
14.099695211313378,30.899204275345678,1,7,29.72937886109929
6.29830564376474,52.6642399283601,3,11,5.060777294420404
18.525725809842342,52.80768109973302,0,19,31.97312114078354
19.43563578072467,14.961883245984051,4,19,127.54943635758792
18.91319653771196,14.536044137391542,5,14,61.67282201451777
9.747177224820543,23.134773850096764,2,18,50.7084855335964
17.309831694291614,53.73830312769967,3,8,24.523921111626453
16.968713271433874,16.44512925367495,6,7,49.80438098531882
6.722459228243485,45.99984013137231,6,15,7.617011463497994
16.663851745938207,15.05828098065516,5,10,70.28616809227749
1.221648876952106,41.15689268739127,5,16,1.7363385396210065
12.127262630400034,27.80336495595724,3,14,24.76888205185541
4.9851723271102095,49.44569814829335,2,11,4.634492500954895
2.8510542726569366,21.68452244126818,4,19,13.293697724695885
2.0005874317695787,41.960091469497996,2,13,2.1132887701837766
14.077631129623725,21.78412672879425,1,13,37.672620997664865
7.12756179347729,45.68301415560769,0,12,10.309084426715348
14.632952044810848,53.68390172803744,0,10,31.05106803674231
1.7744486455793762,16.340089956338,5,7,6.536723844407879
6.648161587696902,53.329784429775174,4,19,11.829941136373744
11.020080201319075,39.6787627207149,2,15,18.440283591366804
15.919101714359789,16.355524543351198,5,15,44.8657997260416
6.715673807175364,31.3770927679856,3,10,18.7846518460703
12.704881840521677,18.043014674254895,5,17,45.63900607051936
17.776566090605648,45.01739444332848,3,12,22.603652292124984
12.50933216955494,47.943406720897485,3,17,27.912731727966452
5.042709757695858,15.289826013639948,1,17,35.226572039578144
0.9758152403524913,35.30699263473222,1,12,1.0
17.466928041068133,50.73125280129586,3,16,20.163625516220527
0.9147535115825491,56.80815207754983,4,18,3.2806950609405634
17.556682617341888,35.675893337088496,1,7,32.853871338356974
10.814274113530633,57.513961180570355,1,12,8.325903417697312
18.811820121001475,36.78444852280149,0,11,32.340946870474056
16.076273097586473,29.709524729995398,5,12,27.759821504159234
19.95971515540008,52.41015642764477,0,16,25.453011514444476
7.338880401308348,34.64913552290445,4,13,7.365938500897518
15.460171634156975,33.59512552822615,1,9,50.74886051752646
8.337652815380222,34.51562447049142,6,6,12.476765454043628
9.857574595926222,52.339250093487266,1,13,12.217694529304287
12.736356532758217,51.597077084402606,2,13,16.88855312874879
17.536703726633604,30.17599962201056,4,8,46.94959560185217
19.689627649386257,26.66499299352625,6,8,49.138618700030634
15.481331570358105,34.59640120195647,5,10,30.75029449948598
8.646452252263009,38.63862548685545,5,19,17.209860223577017
8.716461544402868,21.91686053139985,6,8,32.50198924351135
14.882854880983384,49.697754235779534,5,19,19.961330690807582
5.156154342481895,34.32413828662114,6,10,11.779254356305072
2.6542452060621957,26.70227742099798,4,13,6.81616631586736
7.415132073995142,15.34104964819953,6,6,21.85792802251828
6.101160337254594,21.942258020180347,6,7,13.426553615506387
6.278008348891807,57.46405858779919,2,7,10.0431256050489
5.055351145473244,25.25498434097633,2,17,22.925207099320208
1.3208171979090566,18.442964468351768,0,9,7.744699600235788
0.8485417273015693,33.03363958274966,4,14,1.0
19.760586599852616,25.354387168012437,4,7,49.44080797617215
8.841576107849315,11.757962513559708,2,17,64.54170172218082
7.994369619613793,26.157260863970862,3,19,21.824507454944875
13.753122012514861,37.20543119697343,3,16,23.01961899483121
4.755950813368751,37.585618600998345,0,18,11.846224286697117
19.024243087029394,27.827946058844436,3,17,75.65472009535952
15.833727781103265,32.36513781263003,3,14,24.888996447827413
2.2435145450890603,58.27589591173832,3,12,1.0
8.642825127806104,28.86742386151558,1,15,17.733585097135286
17.642806997462213,22.911340662999148,0,13,45.42196565962181
18.9222744346825,22.173352203338005,2,6,52.08608628423463
9.61432946937246,32.88823063520671,3,18,30.396027708542704
12.4615220896088,47.9760074358472,5,10,21.162938077767524
3.757161948795467,20.299409209423658,6,14,6.0862240436087705
19.82778820967104,45.464806357038405,1,17,52.31180986246223
5.017598176977146,11.057491167470815,3,9,55.287828988704355
18.88326959563495,30.9466488991973,6,7,30.631816531181904
13.168109655351184,48.793253260139345,6,11,13.72232060786206
12.350867500137753,26.936647788721572,1,7,29.70576076509955
10.497425964821918,38.18685507226998,0,8,22.322285048433326
4.998061328496294,20.24896164129554,5,19,17.58873671111469
3.942296624107411,47.099769556308615,5,13,5.354649095372319
4.799481076868419,12.613955163437982,5,8,29.937217649191314
4.135546111812963,52.627132243775016,3,7,2.325668340686006
15.701897234551689,19.909819321083408,1,11,47.59730173777748
7.327442553751236,53.71990158541654,5,19,8.814496919673985
1.6279321929862292,27.626462065025866,6,8,8.743626259582928
19.397501287745822,46.13417872372433,6,6,20.38170053493744
17.733824756786802,25.961264889309422,4,17,80.32317574252032
18.591169522306654,55.29558356173238,4,19,32.3060044553235
19.900702541605487,16.331856275918717,1,19,101.97519962255492
3.890957359780002,18.925989463629936,3,8,16.895862477825673
8.226719368601845,34.65150625794011,3,11,15.105560998620188
15.28565027622978,14.096921951907307,0,8,96.52767910931651
14.072402052048949,19.799009235088096,0,14,44.55728118010082
3.5009701736271737,57.188319110600716,5,12,2.6034371125108855
16.408745937317047,58.82448305739436,2,19,30.86016518521898
4.876591150814883,28.812966466521097,6,10,11.852551696866458
4.86444348904115,56.164301050696785,0,7,7.873908561314147
10.971001246421565,37.24123378367159,3,14,19.853477692544363
12.062328729413212,23.487123293688352,6,10,34.02356283098338
11.811681052837319,45.119936054029935,2,12,16.807998813014503
2.2839933292562202,42.94509032874286,0,14,7.052860272954508
17.61048682129242,59.45626595543667,1,9,25.701567631985583
5.679200830479768,23.252364370464164,4,14,14.40165313406094
3.0255409650146814,43.60297513308677,0,6,3.2870345631192084
17.830587557445057,12.601187751472345,0,17,168.76381133164085
19.13520421548019,15.68230193483597,1,11,72.95634682055872
17.311488536676286,10.195918747554662,3,7,100.50171090429784
16.285563457135122,59.97303405298366,5,13,11.853029337708882
13.277218622460923,50.11368485737389,1,10,28.89625752362227
11.241718726878217,49.33615073667704,5,8,20.03080980711391
2.1962418182724974,35.48630376440899,0,7,1.0
8.464837654878625,25.003354145272,3,13,16.810391829379576
7.767426081740123,17.563214223133798,2,12,22.340576279652485
5.565198783326361,24.233736942323183,0,14,10.943816149418888
14.606692216927406,28.798561096456957,1,13,28.032259528512867
10.16957683403603,47.8155048490147,2,16,10.81297525253474
2.0804012101991347,36.98308944515762,4,9,6.7145034932552905
4.793572438021321,13.874181327774135,2,7,18.186190277256166
13.823545891362121,10.901450447945612,1,19,122.3103394404188
1.9845517600608535,15.116608976703159,6,18,4.647833475416606
17.09853482395099,30.524935684868968,2,7,32.28817867275729
10.155357276772499,56.659645852450915,1,7,12.201841461754327
9.871438257869636,41.87012406046108,6,19,16.689608151270054
12.051951800860593,50.091294993775755,0,16,14.59995993788277
16.58127883554041,33.31872972522743,6,17,39.81637910420157
7.2822795540927645,28.08330415975214,3,11,12.988956789162916
13.72131497490174,15.420018635831136,4,12,52.57275446819142
11.531773297917926,53.79665110931025,6,17,19.955500732265158
5.707051268303716,49.158001451395144,3,11,8.904878582846461
17.63328473392558,18.405904879886258,3,7,58.2086040757588
16.049807421335096,35.61302819381302,3,9,40.02168077525463
13.339810775839297,34.36874039606224,6,8,21.99109544698233
17.086343717337716,41.25457763432643,1,16,21.843425911879407
17.412236918716147,57.30934469956306,1,18,26.52073386888864
14.313078045943179,38.98857208812398,4,9,31.176196163478476
16.821759903091603,37.01086333893093,1,10,43.161138743488664
14.100693502551032,12.516146646733198,5,12,56.200220703359605
13.762745049325858,13.145373800901197,1,19,87.73259272820519
12.562921875196094,19.367339566339446,1,14,42.257439510496184
15.177974471374004,11.623538584587415,1,16,77.45054439531405
3.5927995532149373,47.167644778500616,0,7,3.7826572341723104
17.676979804379105,46.16651519969815,4,13,23.107707218687015
17.500948791032023,16.802811721582145,5,8,68.40145141107904
1.0703220191739033,51.803945039764045,1,14,2.0757948559124424
16.603426636012873,17.7393017423056,4,15,54.068666702430846
3.0129624157321815,25.05877934986794,2,17,11.333445751296681
7.034817658053267,22.44884495806825,0,9,29.983701236864604
14.998410997686351,28.61535492865239,6,8,40.754861393889705
3.63481797294201,22.733188294498092,1,15,6.843089445806545
16.450356970321714,34.4475463219226,5,11,24.6668962730883
16.726616470175966,30.37039406773427,0,15,32.333568651791914
10.395620808336306,59.328474538966326,5,18,13.571601952140783
0.6245244984782548,12.796317506411283,6,14,1.0
6.097243596910799,17.10906881936758,6,12,17.08787707512253
12.530074908326974,12.641294695430124,0,9,115.61568532845786
19.63313047153476,41.29205974911879,2,8,34.390644688442535
12.820363776825033,12.725463870685978,4,15,58.682795642347216
5.566169830751116,51.821986868806164,0,9,9.558099961106027
12.86311121044242,35.59693153409639,3,8,39.16634035662401
11.029714904459182,36.35038122907669,6,17,18.947754347713513
15.7069852054473,38.079725385609706,2,8,37.75542070296293
2.586122457125689,18.540685315310537,6,17,12.496257869287453
15.340044098789546,19.88451515572438,3,19,85.35263355493042
11.05469828418415,25.940866143650233,2,18,40.645880681754086
19.278344075250395,39.67482079109257,6,14,24.37959381365665
7.166507237754379,20.505888797010726,3,9,35.05651384154369
12.836126916111988,15.816586356663063,3,14,46.38090025440654
18.674548057445342,58.50584432092161,6,17,19.958451062498572
2.4989396958182457,11.099090740481145,6,15,7.197982705484769
18.775955501110797,50.13487026680108,5,10,28.37012386613976
13.913771584865861,49.4017574787511,0,12,17.764754767544225
1.8228226525508522,24.8607056922548,0,19,3.7522960016502296
6.368789555462917,16.78133080036567,2,10,45.800388340004304
14.309355728582991,17.28143233527117,4,6,48.350876234091686
1.813336728641048,44.87158086185963,6,7,1.0
11.85232397343733,42.140329554308686,5,16,11.549709754589568
7.244719610582656,49.137283712569335,0,10,13.653722256587233
12.607852596465804,56.874058619955235,0,11,9.953131026921255
1.3919696593440005,44.5963681633296,5,12,1.0
17.49496771997134,17.792576827572173,1,7,57.812084768149916
19.48303489895924,22.172130838270533,5,15,41.06326587357409
19.393118178070985,52.10968654365573,0,14,23.582801300076802
15.118210718987031,20.46530379171043,4,11,44.14116046153269
3.0366816825473233,13.626115847724071,1,7,13.192594990464832
15.286132320615941,45.164002702112526,3,7,17.067874976612426
0.9794448709466295,30.1263177745071,5,8,2.000573868582388
0.9314092548154465,56.00200262729518,3,6,1.0
6.8103992734160546,42.51275355468308,1,14,10.086712328027017
10.028542212890983,14.520948889583037,1,19,82.17701014870117
15.522944647251968,57.392828362683034,1,15,14.669041545807957
13.824259843826852,22.927863182012295,2,16,36.92742700334754
9.195102774346593,26.86062452031429,5,9,29.213958510981605
5.835719992492485,30.1130206841771,6,10,20.804379344380163
19.943927753075368,12.561214820215662,4,12,95.72035358542739
8.810535393601473,34.825771111530244,4,6,13.102057797884598
9.302046974428672,16.16592455376461,3,8,60.57342893915727
3.6906645132375493,30.048516334417588,3,19,12.465177878565699
15.998786200623623,27.535489399604216,6,8,51.08636381432149
14.026803402739029,48.64200417132517,3,7,18.29311204619777
4.8050074493808275,50.15852558163655,5,13,5.557283432064289
2.1064303895089327,17.6706441194544,0,10,9.399222001970225
13.769736390456906,28.32755936896131,3,6,29.29668004405772
13.262968678482137,28.667658051591584,1,17,37.45864391798251
5.828560776465082,17.57052219680425,3,7,18.55216145505638
19.041839463883,49.92267525255953,1,6,25.578688747737743
3.4456288897275544,45.36141641677116,2,11,1.0
8.930528620330737,19.519089314851737,0,14,28.805558104817838
18.90051044326818,28.33609542968995,0,16,37.583979813968185
8.684682680059385,15.290251242825711,6,12,26.77637111868934
12.951255979449668,41.4103298546522,5,10,23.300593851029788
8.253090760274489,16.068596227430984,5,17,39.54827554648109
5.8471964457990655,59.29670843124589,4,18,11.085969166048358
19.68756413521665,49.03410373439311,2,8,47.59258818513133
8.48201312314334,29.511927479199752,6,17,28.134884424754805
17.934934471743123,38.92819661396772,5,17,26.801107298285864
4.984114814876181,55.56709081082044,1,13,6.6145374826066465
4.6555417284891245,37.704964019791305,2,15,7.38785211025448
1.1071146162479715,18.72492431989776,0,9,7.298764805413912
13.20750309482976,28.935167779057966,1,14,25.2032124797064
7.686263702613342,52.15724325148727,6,10,13.106683577114131
17.354985871872923,42.210650799480895,6,19,39.93169923358275
9.727593180485364,42.536219216690014,2,11,12.728118761283266
19.379771844337075,53.34107428442446,0,10,33.454585781194616
4.117747556210862,54.69865287312523,5,15,4.565372015987928
17.43815177513441,55.98962858897181,1,17,23.928661874436305
15.643638629438964,14.742459662657804,1,16,65.21854236584666
15.532975970559015,37.20630009815504,0,12,20.44308087162749
16.97327294827931,47.02547606091593,1,12,17.825533619474538
15.339967823388479,47.84634225635069,5,6,13.320793517304473
12.7112962718126,40.33581009850019,5,7,15.689263987016824
3.0592751148065576,18.339366759183708,5,12,6.497161911928556
1.1342605000794124,49.871027697083214,0,13,1.0
18.456533032405893,46.00556667574729,3,9,45.13247430066149
12.524681133154392,14.306788577451815,3,11,52.726916070482645
16.03247717403544,33.19049123371882,6,16,21.91299173480544
9.889685854494726,18.69886997609018,6,17,34.54281928615012
2.7875096847666923,26.873852285648596,1,15,6.23774001657344
2.9411229479497334,10.904054610284271,5,8,23.32207626333131
13.868523100964941,30.016493420537913,1,12,25.293308708326695
8.890964950539523,37.49384605781052,0,16,17.38979812845473
4.410232170656566,40.97912964135434,1,8,8.629620844146318
10.086093661458019,43.17451725643551,4,16,12.743343171109165
1.7520742729651146,51.814565655123,3,12,2.297424747684717
11.848442337330777,20.7731453637865,1,17,52.28829440288423
5.745371386484405,16.024091121923398,1,16,17.04485806021039
16.05240246242517,52.57685859489628,2,17,32.50049276741554
6.552058199009688,17.830640744632493,1,16,23.20363433747513
9.376792907095123,58.738004066809765,4,13,11.634103447296049
0.7266005282079624,52.12691146993185,3,8,1.01394122878271
1.912714311993898,35.04383029447996,2,7,2.5626569966234216
8.153624349930354,59.07107124610126,0,17,15.979528860968426
9.858807276983908,14.86883645540021,6,11,35.41002214406761
12.200400688326422,25.15328805875508,0,9,35.443699446782915
6.187420284831413,41.91122075203057,3,13,8.493076813984082
14.052146779467579,27.500343423658936,6,18,38.316341196255436
17.27238674518949,56.41862759903959,0,19,24.471364248247927
15.707094283420322,13.281304408890879,4,7,71.08411489629452
1.2725670942929643,37.47059160304823,1,9,8.481274639053106
9.869885471527665,39.54331336975572,3,7,15.882566880725651
2.54613847915441,42.63640618886121,6,19,5.694619167894244
5.219877809319286,22.78331116659072,2,7,13.089185065888328
19.739920568709355,28.22832137599322,1,7,43.130297855211076
3.278663086579508,52.184026483248886,0,6,6.201454063137674
10.228318992301443,19.74713844850799,0,9,50.01107004264445
12.554036819203322,51.343392358668105,2,7,14.478103573228498
14.198066925610027,38.13277114513712,4,14,23.039439518647647
11.413149327994825,48.109375559704105,2,14,14.12128271657715
0.6905315246740813,45.680368313173574,3,16,1.0
6.865995510757842,20.37557476924395,2,16,23.008679554077588
10.595377046001873,38.440636821693644,0,12,16.945033822626176
2.2133967333242506,53.386157640254616,4,11,1.0853572710314947
7.337225158579025,31.605811840096468,4,17,26.355412634144106
1.147460621431648,58.329538511165836,5,8,4.409988798740023
2.0322806945229046,32.610755005085906,2,19,8.573132770774038
8.240003885931124,17.139281833394236,3,17,43.328961365968624
3.087957203839677,29.47173400388366,0,19,8.676572812341607
11.567046541100384,57.58512031952686,1,12,9.971943237066458
13.944566898176681,25.98604246699271,4,6,32.705036896094775
16.111440632627115,53.40490799335314,2,14,20.298195039505256
4.402929762773796,54.06253408409449,5,9,7.585040378715496
3.76591035405186,27.509326216598055,3,11,11.717885710698006
2.5390728865208048,14.162882902531607,3,11,6.875854239324811
12.910389866100916,46.22789545794091,6,16,13.685656524238123
14.276276666494573,25.5756149506993,0,8,43.56045955928559
1.1159298241000197,49.14618071287862,4,9,1.3716215207056406
18.756138801751952,32.13274241302166,0,18,62.88760315102254
1.513440031203712,34.26333711713108,5,16,1.0
11.055278538370874,48.89547033742684,1,15,13.774817639930577
14.32668012929287,29.118166553081394,1,8,41.14160386400053
17.48389791304867,32.15636726614572,1,18,56.8865830717332
14.424695176582341,28.809523438481108,3,11,31.071389227185396
16.13369761986094,28.367025763864,4,6,33.72341795255641
7.119278754584718,36.29732884507297,0,13,11.607274207098714
16.389089718056987,50.43997222505754,0,13,21.659210051502672
2.062239504501165,28.088415596128293,5,14,6.2059386027625525
17.94892479318029,36.21273602688683,1,11,27.87130055933775
11.178051334997857,43.53636627213004,4,6,13.938801316785645
16.437306514268627,23.47197231518275,4,8,81.04263462413437
9.320206548106853,23.87614024511963,5,6,17.48790221944844
13.049765056332237,56.67065635117274,2,18,15.972634113850221
10.764851888254208,46.17672866655443,4,10,23.463088956890587
14.765995674228972,38.85933381116544,4,8,27.460325725930602
2.0917846495964967,42.3860027210306,0,19,2.39273747097039
1.676865637815994,11.46497215517092,5,7,7.901035570475561
5.318513063197855,40.905148278084845,4,8,14.626684814031412
3.6111212622071727,35.47544366121009,4,14,7.342102597484388
17.499779548547934,37.287483988971786,0,16,26.189673089007947
4.774672753481864,27.971191341540855,4,13,11.509783460002838
19.52937248847306,14.073694885647095,0,18,136.94811866650193
7.069467939536583,19.66696168060261,2,8,35.41697280135893
4.051299355929636,57.537235660633584,3,16,7.433276280599266
15.899120889278343,30.4349781135467,6,7,25.300436493648267
13.344801622267084,33.334157791543205,0,10,45.21219586804932
10.21481647083621,12.63548949267195,0,17,86.52756594720033
11.32958924328381,11.878311477199029,4,17,98.639707884385
14.524434676309145,45.85907235233788,0,18,31.364731895377957
4.954867455960326,36.90473320605557,5,17,15.055062391805237
19.928511363106466,35.435299210813334,1,6,30.204302420004765
19.508466661862272,22.156226521133433,1,9,96.30690491163679
13.181350883765269,47.23753658149611,2,13,16.44745589126324
4.39107779311833,18.411828955424596,0,6,13.576730721331947
13.76445072741018,19.496737183051003,5,10,66.2105066741489
1.9078689750939288,33.035608567413774,4,17,9.749334073545931
1.0977237930132182,24.313993105597046,4,9,3.6742484040476104
5.524816325968667,22.37314906165732,6,11,12.64677808531264
9.521147656416668,42.26188222766658,3,12,12.29223897945419
17.43131385546342,42.54858726092723,2,14,25.379184283562417
14.679796860443007,51.22585348999646,5,6,15.626719032121791
14.98277716339963,30.885428348648794,5,16,23.136448964801463
8.79712002173747,13.654254551307512,6,15,29.781658780958914
7.245732354665777,23.683319246072884,6,9,18.967653153001155
7.7352558781997525,59.000273159840845,4,11,8.936481272872772
19.75916649285313,39.812928761635106,3,15,31.510941033233102
1.2821292325434084,45.48685424005102,4,12,2.2052621910047217
17.407114174387747,10.367891481270727,3,12,100.57768397070795
11.78417046716167,35.91028660912605,1,13,22.246980823231727
9.053000674197014,11.876432876590156,5,19,66.570087652204
14.642524378095162,38.461510604572396,6,15,17.449377908725264
9.990044357781706,56.038542481803766,1,13,14.283646448307737
17.531753142592382,58.420956525020394,4,13,17.812117581903465
18.06368634821954,37.02763376944621,2,13,30.588693975913422
8.72355807403238,32.9102402626108,0,17,26.67571771735953
5.898142046083506,57.2508547124247,2,13,8.183344220549726
12.050831407570563,43.68049159983475,2,11,14.251913052068735
18.291085239525472,13.244963976920474,0,14,80.4091873626438
4.607912685610498,33.28627888337488,5,8,13.854159192973324
12.647848379487915,22.012250923215195,1,11,33.75209562462173
12.81542429180415,33.49021607243408,1,10,31.311613038480896
14.79570393709798,32.773278600318086,5,13,22.53110012625112
3.065569859981566,39.107240140737105,0,9,8.463198608432405
14.458586811300727,27.838524517462563,3,9,37.724660698804264
18.22613415298,18.213522472796402,2,18,83.09583564454466
4.003820622969719,35.185971729497815,4,15,4.877815073180221
5.1320948360156144,51.5101442172881,1,16,8.300663964743778
19.442204333811972,43.200611403380115,5,15,24.01355632721927
4.029050577835051,26.918393296260792,4,18,13.858752601482616
17.160509320706794,56.77615113794286,6,10,26.099785154080525
10.099418200736679,55.61037856245911,0,16,10.35148514461703
5.321005950861952,20.46741996920494,4,18,25.546898024315198
17.479623074813972,11.970879256018149,4,18,159.04026206357804
9.183452472551977,47.06543541753811,2,11,13.170799954296289
10.53893840162896,51.38051306745766,0,16,11.279471021855
7.505050703295431,58.39322829756777,4,9,9.329287246789594
12.062541602981085,54.49181970441553,1,7,13.771345248252135
3.688715515407944,40.026738410320746,0,17,6.324222753751374
8.126089964709333,36.50261696061904,1,17,14.88105801931212
19.403540285538107,11.392052563129315,5,19,155.99362555164188
5.533601937671987,22.33282234223889,5,7,16.11812003144076
13.306364958555198,32.98073758664632,6,17,28.300801636561253
6.84120625238155,41.42519500417839,3,8,10.461951225224404
15.582725950888713,37.86259166592053,5,7,19.718049288015
3.0520363840078217,47.131799484084524,4,6,4.632238497341271
19.411510379031622,23.98834654435204,0,19,85.74563016463793
9.348896056980966,38.24763038262366,5,13,8.460174542789698
5.102984035256047,14.407112169539607,1,17,32.760364618914416
1.9331865729352469,30.683276179160348,4,10,7.467435040946894
3.8102791492070445,47.50804164773005,5,15,3.4766336568176794
10.635591996842344,44.6700426714522,2,6,10.427533367653744
7.071561940410083,59.53213685860895,1,18,13.160971222469492
16.663225634710884,23.8945562993878,6,14,35.0418050941838
8.902306711405215,34.90946495869896,6,13,11.096579621713364
5.349928315458783,26.476520688699836,6,9,17.2631777297554
12.534327238778586,32.03015570295874,1,13,26.275366031247902
14.282155729266194,52.8475064934694,6,18,18.41517762373114
3.757317204068522,44.21045375942433,3,17,8.405183597388204
3.7685747176221946,54.12205956737908,2,18,3.457518036680942
1.215092825204088,20.17555541659432,3,15,1.5078279839589173
14.85983929377999,53.6680558920719,5,12,17.669801184292805
13.444188288625199,12.988113708919222,2,16,65.41791290798844
9.755302077121371,54.42996402185762,1,16,11.69935263419055
16.961323754899343,26.453688973036396,3,12,33.89653078738692
16.210567982526037,25.729381670703326,4,6,35.13912475660442
11.914410105736668,35.604428834933195,2,11,17.361009859064524
17.431289970008542,57.03450938616159,1,18,23.982485196101884
4.513903595716981,12.389068234070269,0,9,26.179613488786014
2.6824325782556935,27.611548753537264,2,19,10.867555218227245
5.760117424581297,52.82859943416678,2,15,5.278223862326729
1.6131936937416396,29.80272387177334,5,15,1.9773210470256164
10.857805796020124,19.95784487985335,4,15,32.027814186517126
18.763810999751747,31.23970906657059,5,16,30.637169174547186
1.267199043035938,29.277625074583465,6,17,4.300779097434879
2.8811433231955226,55.77081007333517,2,7,3.423623377270921
9.317881051526989,48.096718787154856,2,15,14.18080343523539
18.710562841794147,35.255777787200316,6,12,24.708317587924004
6.665044047046635,59.41852833607855,4,14,10.224117660705236
10.391078769423652,33.26387656379617,4,18,35.53379938618771
1.310670751482646,12.911891541013762,3,10,7.254189636377847
3.392692418760733,23.113716090749243,1,13,6.2811155708404325
19.739287397697513,31.80352401096563,1,10,47.704505749572895
19.31981458050289,17.845131207306004,3,19,91.41367127228165
0.5963296282209876,57.37825631620215,1,12,2.8808046408045342
19.06032981575316,48.34244489088866,2,12,22.758379499604178
12.962838787402257,23.41436002138863,3,14,30.50767031515113
17.42440674314043,39.540226675895795,3,8,49.60565070905811
9.367427184860253,46.0724578554786,1,19,18.169530836426347
10.55412255729538,57.0639464453399,0,6,14.146636134120007
10.032508315009943,54.081767458770535,1,7,11.572459415474507
13.503853022149034,35.759611306910685,5,17,35.00388238257814
3.2231994677481017,48.73263098965088,0,11,4.772086245048145
1.0844850025172201,38.107237691379254,3,19,1.0
6.504633861028223,37.635194502277,0,15,11.572740910095934
14.241274873364612,15.737097916909594,2,15,52.01889325641468
4.436142316397493,16.306882900807604,4,17,30.036736379969447
13.631932449835887,36.47668075112287,0,18,38.08641869018628
19.413284899091774,23.44307724895033,5,19,48.220042499166816
2.3310639578936585,11.051845123023432,4,14,12.15799794179561
13.615741305389962,46.14196019501061,2,8,24.65446910358801
9.153129276439138,11.624329834508249,5,15,37.2439973874699
17.428773960361355,39.76384205520273,6,7,21.574180591309364
3.9544208942240253,36.95968970636572,4,16,5.867689488465921
14.006206068410208,58.440734528890225,6,6,11.15872934547071
16.843248148138148,34.21065696738208,2,7,33.524703624047
18.919977279743453,13.180071818889868,4,8,143.8829026272706
13.823336551648094,37.58439839032309,4,12,21.070718503768166
10.194907898164333,52.05480853080507,1,7,11.964350509402085
12.54802118392367,59.842464214071995,5,18,19.59207924630372
17.443647197335004,31.517158684453623,5,10,34.20795082740518
11.626890059457178,26.014937124837125,0,7,26.77402302878076
1.0925476640883187,55.33266484759994,6,12,1.1221577370842595
18.653499562386067,19.562106453806066,6,15,45.266979324575445
13.945771645115443,40.77144575164633,5,13,15.189190627558368
13.692011022656306,30.285721209047384,5,13,20.924841012984
4.705665471755485,12.054118247777765,4,18,35.89989445360884
13.348266669536816,27.36442371528489,6,13,24.804377925514885
8.18035591025609,23.26142612513373,3,15,22.064418576443284
13.199043052309095,44.304557697174346,1,14,21.898167324394624
2.578564091005819,57.439524884595905,0,6,1.0
13.327983439759203,23.40235936893189,1,17,48.45839114657799
19.988567652527998,50.573296957584084,0,6,26.048347014158246
1.4401347577808425,12.767990846920476,2,19,13.653706838408684
19.554896592315686,36.90605050199066,4,19,60.8733455001696
8.434705234095976,13.52750318549473,5,19,47.71933798679227
17.479692281576554,56.70164955653197,5,15,9.937369694962031
15.756516939136333,48.31756402786951,3,7,20.080939720468518
11.556817089240022,42.897495560229615,6,16,13.456760564617927
14.899759580400866,51.19481908123321,6,11,13.924288710444753
17.631053445376285,42.375989778508156,1,19,32.424775062532625
8.380736272195143,58.447219858714554,1,6,11.727562839634839
6.877146650483154,45.69789739323858,1,10,10.864382730450195
13.518071018489902,56.23293047911234,6,10,13.306595470527087
16.252995867854544,35.856594600531906,5,9,32.29260895021583
15.364560128144007,15.853220649093132,6,16,50.66279520042285
16.05736615274337,36.40888607115086,1,10,36.183186014254645
8.993874638852194,16.343641403154663,4,17,68.08789606761648
16.447767215412924,39.62467395882025,0,6,26.990283520858476
2.8440765797268646,34.12465302638314,5,16,3.4887307901013824
11.117537410236567,41.12876989163908,4,16,16.596827716329656
0.6122938797133706,10.502349052741579,2,11,3.358714422137243
6.82942368305527,19.742024582768206,4,12,19.701346154158507
7.645999929992259,34.566521595606545,4,13,11.934726878975663
8.225367486380481,57.525178079456744,2,7,11.42056955543867
14.061610530452313,29.180452017757922,4,12,28.56608580660794
8.076882974771742,31.218601302681734,0,11,13.979208307506717
9.249525641139348,45.73480445033111,5,14,10.806004603699048
5.132110552049386,40.1896378643059,3,13,8.514760683117203
7.778409936772132,24.94630750491666,6,19,20.557291617601543
4.931757731631453,30.54081977837139,2,16,8.400463667976153
1.927320513484651,20.884989942861623,5,19,4.5750476352767855
12.267247570936869,58.301072956510424,1,9,22.041750686703097
13.530149571822816,16.531719077867987,0,19,58.730485767061666
12.580061747187482,28.59183922832097,3,18,39.14422146044942
9.53813385411116,11.29194861100056,0,14,49.68073491421381
7.905822713494981,21.088974596677318,0,6,20.984386503743114
17.335006166650594,49.023556919007746,1,16,20.850275015728954
10.622094810156252,20.058761614443974,3,11,34.243105633108996
9.844046613779755,14.00317012644828,6,13,33.938056960995986
1.0000202832254959,33.722658992226165,0,16,1.0
7.1543326387100485,10.498461736725925,1,16,38.59190513033096
7.913814566324213,14.238307721316659,2,9,58.12687308559478
8.27704422748956,50.381293478148756,1,7,8.192126457938887
11.813361199932979,48.57366724298032,4,16,14.210665625676778
10.90524966117413,55.7569410202448,5,7,14.679507582585554
12.35414930947217,52.725771795537476,1,15,12.047160621142298
15.415223600071501,44.1587781619909,1,6,18.05278264250757
16.353221904963824,12.616642865033143,1,10,123.36162976096024
14.50339998641664,49.14243089933287,6,18,23.492780522093263
19.132712071121226,52.275540542028025,0,11,24.532052226786792
0.8555353621890518,49.954107288597726,6,9,1.0
4.317670720829149,35.4239517654013,3,9,8.64736079506357
0.6474760620737714,21.64509193247408,1,10,1.0
13.125756926014759,52.26649878443634,1,19,19.601866982851316
18.011595704524744,46.35814048700692,4,10,32.89336288305403
5.247904783237836,59.03805871944258,4,19,5.314451861952066
18.57717362352798,17.784629887796648,2,19,111.37497426941833
1.6752141106464367,21.28322915260275,2,19,8.040008811817703
18.721502522707528,20.589907494075135,4,19,67.65103173547463
7.356642401172871,49.62698838106684,3,14,8.010352638755503
2.477706154759722,19.345364822505907,2,13,8.883213489523916
9.97449930413335,13.332991491165306,5,14,39.30619035414536
5.507143070549905,59.92804032928143,5,18,8.187785158483315
6.055021588257495,11.240860572257457,3,19,58.603977654794505
6.492154316062588,51.762203007943285,4,8,16.35231330538286
16.159005007736937,28.26834207753264,2,19,55.978167243775324
11.013644895167463,52.08077298789076,1,8,21.195445432786723
6.570500133542071,37.731024560557245,4,6,11.71386884794668
12.401508774562908,55.08156147431801,2,19,18.47173800421163
14.464938147352274,56.30964932073133,3,15,15.8963565828731
5.8161680143039085,10.4549090640388,5,18,33.23369035393885
8.564207479744354,13.770608799639414,3,11,38.82695388385259
2.876778820070477,22.517936478542772,2,9,9.7793414659952
4.032412315926266,43.46577081817508,3,16,8.565332779942413
13.781798152317165,54.4136098255753,2,19,21.70763927064604
4.038047780064725,32.99709756469814,2,13,6.736358190993949
10.740685981507673,40.34865581371327,3,7,15.385603750899403
14.326402103587437,19.424992639778058,0,16,49.17374584362762
2.584100000347505,50.24834169408427,1,7,4.352587773948734
11.562588282763619,58.36640556767349,4,12,14.575558709402097
5.502974282176593,23.429946645729874,5,18,18.39064192920734
19.277074067132805,34.741297580027314,1,10,66.88715476810368
9.929140111038532,14.30580552531869,4,18,53.887592533225884
16.216854720615583,37.95683282314842,4,6,24.514998587769334
11.229417572047105,35.13917209233403,5,12,14.096708452272287
1.3465443906689738,17.22182420775388,1,12,4.809461553056349
12.846451824083436,32.103310655903755,5,15,19.000665157797584
19.052365173029813,26.705232604328163,2,11,39.590563827299086
12.231430492853459,36.091543765259466,5,9,24.58079226206377
16.47418275882241,39.28271677143996,3,17,26.676346654000884
17.742026035293954,10.424778930360475,0,18,186.46520678921422
4.947555553004183,48.050299147477766,0,13,6.3858777729371035
4.634874378210419,45.65071459308704,0,17,14.260653467745643
12.414129282594338,28.31431931032611,1,16,26.73209448127375
8.515055161230741,12.646796778440912,1,7,39.47305608467081
16.877295405901048,47.74662698925252,2,7,18.056101715897263
18.05045090626122,57.75875802390662,6,7,14.21165424785991
7.391716896403003,22.00757980110071,0,8,26.441422792106906
5.1189759000024,26.176230686851895,2,11,12.476592027519963
15.720247547255305,19.190644474090746,6,6,38.477573419338306
5.8587176931886535,38.84680616724198,0,16,10.258786338847399
16.54097921101673,17.742069732372748,1,7,58.64583306207675
8.762895946150875,27.809697173068972,6,15,12.29673939977011
13.517223036183674,44.850650696713146,3,7,18.077764113841564
2.3629386197760294,38.005799150467425,3,19,5.661230534921167
12.665256831193174,29.32312821639676,3,17,34.25837844897719
9.309469735375968,31.012480090377096,5,6,15.782167359168385
11.938865031921745,38.10554413116148,3,8,32.60416587842308
3.7762770510248367,10.293236394358065,4,15,19.793236102428526
14.869038026411552,13.925493422680493,0,12,60.921219685376684
17.324543012092956,54.06290338815058,3,18,25.50056770170208
4.726426101770125,13.893949454564538,6,6,17.22760058105998
2.3664338326431538,45.34017981052526,4,12,4.5722196133927575
0.9609524279035597,56.00190820545263,4,10,1.0
13.018444258643687,23.534180215086558,4,14,30.034608729449452
12.338333703731225,28.52457185297571,2,7,28.391000279790525
11.160599547924365,38.44607029223582,6,6,14.95898015461838
5.022968374261521,54.085448481929234,2,14,4.8148630295454815
8.122666920157535,57.09527936302101,4,13,4.243628781071006
12.092288536130374,46.9781624055634,5,15,11.01713154452791
10.186953747753803,14.330988042734703,3,11,44.04081854468742
19.7618176441903,43.45770777674254,0,10,49.645505494319494
3.1605751748562962,30.515186093633105,6,13,2.2149342450007756
14.05531880392808,33.535049974553075,5,13,21.35615255178062
8.384215978033696,12.457419517258852,1,19,66.15775241856205
8.849892491049488,19.55310696731791,2,10,40.44936127250945
14.493156430334437,49.52568037668239,3,17,24.643815516384517
14.002504950825209,32.697941652392984,3,12,24.460328711791828
19.829491877192673,25.083112081557445,1,18,81.38148240484762
3.0036886443554422,29.200953698247908,1,18,9.482663734345147
2.5301381629912436,52.71997566628401,6,6,1.0
14.624606934010453,47.44995087024785,3,9,27.897550051680938
11.778544881624978,23.61576985905414,1,7,32.767379870410224
5.846132997916214,15.875092010618665,3,15,20.175668212337396
2.048677695285239,22.599911082203583,5,8,8.603303150613955
2.1703358671303956,56.037822552736685,6,17,1.0
17.936722055950305,39.079441892487765,1,6,30.941324419829378
4.241412832015486,36.67401043723915,5,16,7.071566507613328
6.805745461252655,39.81967998462308,5,16,10.211193505788863
4.919799843426266,28.30141328732576,1,7,9.927064275491137
7.422427963722778,50.355351015975636,6,18,11.758732455191135
1.8537649335488207,36.164312465012486,3,6,5.430272798655897
10.621665922711273,15.837395138439778,4,13,39.91090308162936
1.8184449900481905,16.453256241453147,3,9,6.311169311122976
16.10695190253605,36.84295732513092,0,8,52.608965503544496
5.057385597253444,56.82851090354196,1,6,5.086577606883283
11.030232334787957,25.417606083809936,2,7,29.742719513578912
17.661542207448434,53.47705844296092,6,8,22.694931144399067
13.192108696420286,48.204779328943964,1,8,31.852355889222867
10.892676837751038,22.390622145345343,0,11,30.802992802520023
6.824508185749824,11.817037415812123,5,15,27.727238159852874
6.9935373046348595,15.092363257119137,2,13,29.191663273858044
13.554995626364708,46.42469669237201,2,11,16.44062566475226
19.885717543812767,19.983486902032332,3,7,57.46932905841484
13.405864202062883,28.56354602526969,4,7,26.33494660965251
11.376776638715485,35.08495830032124,3,19,29.06335154658885
14.747684949665299,46.27340842250814,6,12,15.535204230090507
9.571509439532504,15.661561162956268,2,6,37.66686899720955
1.6727756807153118,30.318320263873073,2,6,4.221720970560447
11.464787909619242,34.253645457134766,4,12,20.10231064066024
19.173693047854915,37.041353198576985,6,14,22.70602367193889
3.918407375974363,50.918032069760834,1,10,8.363962325962026
13.955095371002981,18.583909752160846,4,16,42.052724526401065
4.4182069288516015,50.39157259133111,5,6,1.8733469508576372
10.948639847225085,44.64392138483261,3,10,25.999060171018172
2.3851907681110327,37.79354070994796,1,16,5.379568934223462
9.28223325703461,44.976393520128596,3,6,13.637430688772376
15.245184913457297,30.60088694758282,4,15,29.690984237887697
7.277644722660151,16.91987929840623,1,17,32.06247277555448
13.465778627500752,43.288262013268366,4,14,16.533429223129687
16.011274235399718,36.23361533428111,5,9,30.066171285252345
18.579967479849326,41.96874002713878,0,14,25.469306212137976
5.075520596181344,26.8999390514245,2,7,9.371135107810488
8.286660358281509,55.3433288669918,6,12,6.468546722165527
3.47211225994314,39.36849342877885,1,17,7.21361750559115
19.853428292088317,14.270124214543692,2,18,157.21794201136635
18.57651887452376,32.490199535221436,0,7,33.79196662707218
11.029164040470912,47.817802737181715,1,17,16.74182300987228
16.919649240340213,49.706728086613616,2,9,31.236031520957596
10.658680556804823,34.729852638187936,2,11,17.60292343842089
12.659920916053814,54.73737854156505,1,19,18.793306397087825
2.237926426262324,23.38342185971488,2,7,2.965768962028295
15.227773199687755,30.52993486191333,2,7,33.02891463711491
2.990412930887079,54.9298455284485,1,7,6.463112540869934
16.608318789924304,54.81283582357894,6,8,20.98642707449009
15.749547709572525,44.28563844123404,2,10,27.723837057549062
14.320521605988041,52.94902735611101,2,14,18.083103302793816
1.2051274202328612,14.438663347811634,6,11,3.2892646639352376
6.4110029409339075,53.249748810388816,3,17,8.87897475854341
5.630695113261436,26.030995327511338,5,19,13.555932992300376
7.522659945694622,18.916575621410814,3,14,24.485943764696096
2.2090335618948513,21.96849181710232,0,15,11.26406491806992
18.770677549105724,30.898425400694354,3,19,63.12204748954873
11.299143693891338,22.55960023022336,3,18,42.81810208320857
6.457724057831459,26.02837930082495,0,10,22.629013659430175
8.241139582948527,16.748924303582104,2,16,28.986887606922583
9.220449539844296,24.808838277949924,2,11,20.581258083548065
12.211589500532037,38.61419072710006,3,15,16.883401007102858
10.555748840081707,32.092685404553194,0,17,35.450752976806534
18.42814347768114,27.33593806179556,2,13,39.44229783072353
10.19078791666369,47.3226064428557,4,8,26.13328062990756
19.847081289054596,54.6754985696659,1,7,25.344720601571584
17.102786676029368,47.83946114511985,1,8,37.81634687969232
4.565955029968048,26.600035105883958,5,19,13.107647571159003
18.646606685556367,47.22210839187768,1,14,21.644970715238614
2.769144758766784,17.599009123702558,3,11,10.271818068145887
16.440269315578234,16.515899404564546,1,15,62.32533505234978
7.922154222793312,27.281351851807948,1,17,33.834668464345306
17.620499248678854,50.38511845220285,4,9,41.20612007990717
17.427105457095283,22.317412362115093,2,15,45.81456064275394
16.215545302293613,13.16267044493398,4,8,118.70267130925919
15.905593507987696,16.585476760317754,3,18,88.04688849161946
6.441243212411795,52.93724842647901,1,7,8.222894089981978
2.0779260194994174,41.68916423736438,6,19,1.7513416258469736
8.358113485920647,22.660058168498836,2,9,41.55585550104285
3.883728042236919,37.76479126640906,5,14,4.49970790878562
14.051546233598003,36.378981121267515,5,9,27.236345491776948
7.248944667486818,42.771798922033064,1,18,14.32118420749536
19.52439891676834,21.659377721080816,1,17,87.28383644069854
12.998955508233974,53.22014935971988,5,10,19.70058192923207
16.53837099087004,25.468428104000644,5,13,31.89492408565676
3.0842311184660445,44.70658269881184,6,7,4.775268141776976
17.30928240431614,10.806232318610745,3,17,146.3248135139918
18.49376521501119,28.63285649470736,1,16,37.326369415205725
9.99770741696925,27.585490897940414,5,19,30.81789839473786
12.32193228614406,37.17422142915072,6,8,33.016874572193785
15.413791117608412,13.636813088859824,0,11,68.26190622815163
3.9093532315780446,49.506568686305414,5,17,7.953136230075401
10.300038491037128,20.889040088378426,2,12,27.978817599943344
8.273929041560105,43.85189074410051,2,9,21.357413712299547
3.354292847163858,50.16060616220466,0,19,8.317846150654086
7.666921234684863,38.09384781207565,3,6,11.871011809466143
1.8293600330171245,47.044160336099274,1,12,3.551040800649198
1.0033321855149961,43.09301561075028,1,17,5.313868097925042
3.135742638519044,27.77648985760038,5,14,3.2027717990135467
19.28074467598889,50.44292695167827,2,6,21.882266942440115
11.21582594995283,24.735068494276398,3,19,49.48627825962345
19.33353214248779,38.56064588757586,3,6,30.123289542246674
8.933708627437573,47.26988695707698,3,6,12.162197207485509
6.580414595162562,28.94779549062538,5,15,12.287672575007623
10.36976632538476,25.138380380871254,1,12,25.747684775725364
9.070477928341747,32.96730050864114,3,16,16.00246449351644
2.560461343104006,50.89817471745768,5,14,2.046760434926124
12.996113136459021,56.49608815728324,5,8,24.53462195059929
4.712744558937192,37.25417064299451,0,13,7.762552838620887
12.581965120507677,43.073310266182595,4,14,20.236985475373046
13.17892130176399,55.16368111194571,3,8,22.57382351814187
3.4644846360086383,14.92734257064712,4,17,18.60470672649012
1.696317728658029,21.60392889330825,1,17,7.391650402367492
15.724850928334577,45.445000312579126,5,8,24.41264194825557
9.466108263501743,51.18722309561498,6,6,12.111025092119949
1.634194012356778,52.851451416528896,3,7,2.2323484115498267
19.89989318481046,30.75535884274663,6,12,31.33786923036515
1.6267209394291493,14.466995114593342,2,8,11.082511891296063
14.053186962741787,31.889073864980997,1,12,25.227801421768163
19.681739042636565,21.53672951035269,0,10,80.58826846276052
5.164012032210549,24.55982274983121,0,15,12.797739812513276
3.2738626894003255,48.61337784187529,4,13,3.2704599986419525
2.8670063187373636,13.776354301294344,5,10,14.769012668892277
6.413865377568113,51.379060874035105,4,8,9.393274889512103
2.4703933147076107,31.383454291208455,2,14,2.701658160736105
13.997146163035572,39.80319655502976,2,12,22.54029338458089
1.7146900635362226,14.482611561783951,0,10,8.749151060969142
10.4337314989209,26.867953917863982,6,12,14.793142301205796
19.93558865013305,14.48504595074229,3,16,82.76956760288348
16.372420255367366,58.07718614405548,0,15,14.853103422375446
12.496779045504713,50.36308246631252,0,14,15.2442473562925
6.471945605338927,32.98163771782301,6,10,14.171426351417358
12.66596880768695,21.180127416183556,6,12,30.67358010132138
10.777308546277206,56.67275526249261,2,16,12.405338301980875
8.808625985862244,27.22982978634859,6,14,12.87547873455357
3.0488523464338897,18.049221584368738,4,6,8.694822223638768
17.7887821971891,38.15821942269774,2,9,41.32086221259169
9.270800652015788,57.188706017240804,6,6,7.811388582619766
4.295138980504919,10.191514525016128,5,13,18.3454285755394
7.671307342107148,21.90624216269994,2,8,38.071752151000425
8.575530174314077,56.92238202052038,2,7,10.65989894414162
16.63698896355405,18.554298342858104,0,19,82.09673146595584
14.80548042094734,15.662172581990994,3,9,95.11740520783151
15.501445426006127,38.509360789990225,0,16,26.21152928036509
0.7151096563586207,53.09219116474149,1,8,1.0
8.615002964505349,33.85549088469631,2,16,16.9122435817544
9.88621095688881,59.72821283422624,6,10,15.470110085561046
0.8742493980496053,43.958584976899644,6,18,2.7581980751294326
5.566357570528167,13.703745360522387,6,13,20.090159720971567
15.325651550881632,59.64160658409877,2,15,14.111248148686865
3.1736392617154814,30.39471183900952,6,13,6.195864832525952
10.938547563325537,24.370126692274127,1,16,26.099797518802166
4.696436504336131,37.89395917889428,2,12,7.846653375535547
0.7363551055559188,25.215379591043217,6,13,1.0
5.203428423191059,14.322875356007616,2,18,41.51825058186211
19.529538220746048,10.071417153958835,5,18,159.33192186040824
16.129973681718297,32.47916764601311,2,10,43.01546131248296
19.21174456426015,51.84317111132961,1,15,23.368843306762045
10.013153856564069,38.61575928150383,0,15,18.94953473820216
2.6398558742113183,59.96036494717204,2,16,2.937853807941912
11.185210034987012,24.342332282359997,3,17,33.90673127674099
9.360358023919238,24.022753238002764,1,16,24.978662078040117
16.96496311342251,17.98747301169721,4,18,75.36066762689933
2.4126103252927695,18.20317941326676,5,11,5.9810740331444245
10.020702171924675,24.259329800502393,1,13,23.98300520023012
3.425948961532693,49.64200226367636,0,18,6.3251431961000835
6.8311805743561695,55.28783953182239,6,6,4.627806119210658
14.878463009062093,58.75435848538407,6,11,9.714187591033419
9.782353522690947,21.61448270482263,1,11,29.086016764101654
7.829821560342502,54.064877280704586,4,16,9.558961185729146
8.192287432115688,26.412754463866854,6,18,25.056132737490323
9.45921198391674,15.64202722584422,5,10,42.43281904655408
15.80782260482261,53.50124627600828,3,9,28.173649495100005
17.89565143433457,41.80528173218093,4,6,22.84302075188266
19.129026386826602,18.236544804053086,1,16,62.67436510230936
15.844616031978255,31.49156287565013,4,15,32.15259954174413
6.6504344670862485,24.36288474385338,6,16,9.11749588155736
13.918626768687572,46.83972843550985,6,13,14.615506265609199
9.033260919080142,32.6708115312134,1,11,15.269284675956456
5.4660771298979975,59.46399725531925,6,8,8.557730041874882
16.89699579880549,12.737249112979756,6,17,120.22321115900907
1.2493138047653374,27.750763306812335,3,8,5.684814582247218
18.084358846640757,34.09500835549887,3,17,54.00940421031154
9.498810560182315,35.15667773741599,0,11,21.237758867899018
12.925428797761468,25.79679111928184,3,17,55.48447215995856
13.357401483012763,46.4620124548784,2,12,18.72539395969367
17.95479594377746,53.737353674448734,4,13,20.731587775366734
12.915058802260543,56.93596509889315,4,10,25.32308386534497
12.471704902821205,50.25466883997631,1,15,17.84180435660609
1.7997147909334543,52.52900986532997,3,11,1.0
10.60895642793148,37.52726503099977,0,17,25.0700792166619
3.4282955159323123,51.29441132134073,6,6,2.857164064149649
14.879958490068969,25.175195457397614,0,11,33.49368216877805
10.488327455847152,29.92393810546072,0,14,21.02702436476036
13.76444169456289,25.845650690927215,5,15,26.87897206536592
1.3126215617464931,33.369366772396276,6,9,4.047462056228752
2.153444312893163,24.278980811931817,2,19,9.290260383628024
14.468306067222304,58.08057211272234,3,19,22.236996983975864
1.9056445519741305,25.642231400283407,6,15,1.0
1.8895061914225426,14.902226905546991,0,18,13.879570749521134
0.7361152670803053,36.34085830252067,6,6,2.106794411504254
19.15177726683986,12.854953922258819,2,19,166.71372588527942
14.881413009450636,15.527158315429027,4,16,58.428916189767854
7.388402465790251,20.969469459812316,1,14,20.83488207039728
6.282443835109277,33.21751249410708,3,9,14.688498428509064
7.319212980044067,31.662546615451394,3,7,13.963598456713344
15.605743858033046,49.98459310013956,5,6,16.80914579759552
13.396726915873082,46.973732694205665,4,8,34.66809193457469
4.111313573415625,31.315914699535064,3,12,8.380502707937717
3.8951320390146447,26.685210378781495,5,16,8.921908781840726
2.4187151694112474,25.82343920307493,5,15,5.36673058886334
13.375903034176094,48.69975436470045,5,7,13.62885993650769
15.405266913323851,12.603620311063487,3,14,71.95935626515364
5.668405352337579,10.641082475530292,3,17,50.04981336480081
0.9084267401027999,49.7772195963324,3,18,1.6128564845518776
2.102347515790333,33.857318799452464,2,16,4.2966167171006795
19.373270679478093,16.5440569276788,5,7,57.8148286887209
6.261173160809695,21.778296729725064,2,10,24.355599740622193
15.499851382843605,56.625197654869126,1,13,13.640104629490944
12.680939592658143,52.9751487812449,3,18,28.439306405491756
7.94782297323147,45.48925251119863,6,18,10.145933331461688
4.510901612813325,34.11126151686633,4,17,10.508916357701663
2.867035154108425,36.01618130956929,0,15,5.2826121665240775
12.4927528767579,58.76222676419793,1,13,12.067230781627206
15.605358722436865,58.28852219421436,6,8,20.539971853678978
13.056132944052049,20.763452289291713,0,7,35.31295466647674
10.840891598358587,50.55522831526591,0,14,16.127655718103348
1.318048856916907,19.862133308350842,3,8,12.397652846122433
19.385531163090484,20.67687389419757,4,13,58.714621453916976
16.074926737264207,43.80465170822884,0,7,20.397927320562417
6.210029715668813,30.25005492937742,5,8,8.355980983889328
19.609421422497586,56.57722035532601,6,6,17.591321457756123
12.236690997908282,14.450486744800441,0,19,78.90136583662775
11.857241835041306,35.57628204047465,1,16,19.171119989790526
15.087426998875877,55.92607652215606,4,11,19.23211140993767
16.329510867757683,55.205683023975254,4,18,27.55909777080168
13.301332842964301,17.82646067078706,0,12,48.23273266258586
2.9978670541409005,28.331885004822823,4,9,8.194343555428262
7.096216366892719,40.95607000233481,1,6,12.189045132436652
18.59763098635797,17.969744238570108,6,8,80.16835558378723
4.880004430955113,58.40110860228693,1,14,2.0152989497902034
7.75725696483151,55.737466436383016,1,10,15.803722888655054
8.925499217411822,18.34750895172346,5,11,25.033118378990576
9.068397299041818,16.05777306304927,3,9,48.23050030271348
12.452321858643247,14.270424140413265,0,6,53.961105515720696
18.889978836021797,55.472183201831555,6,19,24.900199478952384
5.193507880733847,19.681190489773037,4,10,31.282203395941625
2.8692768378679023,30.814246427217736,1,10,10.711420826057099
4.350674552268778,32.44256828260015,0,10,15.503110367240502
17.795035554080755,39.95055221067838,6,11,20.47735176440875
13.093310846776518,13.586767187371247,6,16,46.314018104598944
6.075182390163622,21.337930870025797,0,7,14.001286936877575
16.410965309888034,56.5745193459463,3,6,17.19444927990222
17.296714929087003,55.420505363428475,5,7,17.144136925039483
17.00702960446042,49.06453237028461,4,18,27.408290349056074
18.41906740597131,10.970062280910772,5,15,79.09759130024612
5.418699893380551,26.350338424805106,6,11,11.433604589129251
15.223317610552426,41.39793676714539,4,10,39.74217589669876
9.48052019684573,23.759510588673784,6,10,32.95467064257193
16.9189717813562,55.479334752688864,1,17,29.373858827211745
14.705568204651458,41.69447309162209,1,17,40.49288788687042
15.64072520674463,13.59533586582228,0,11,72.30413139770948
13.295155834780894,55.45027944178515,4,19,23.047932016790835
3.959861004659284,57.88833290881113,4,15,5.026939500829496
11.128024918490297,13.885620919586275,6,12,37.82157024879046
19.70105992072791,36.61801174306574,5,14,30.560696236611264
18.779067296693817,25.168214110708522,1,12,46.206040875494566
1.3418878480417276,29.641953824070118,2,7,2.1816519602839817
3.7138889067240237,18.982560897767094,0,11,10.588177063150484
3.0687110823639574,38.903605100620624,4,14,1.0183738239375262
14.656608244713262,57.898967662444534,3,12,12.027424185108096
16.44681393221043,35.153630013580454,3,7,26.619022065158266
4.663471643058102,14.145729069724059,2,8,26.587714362660893
10.364127512560666,41.00006667387042,1,13,15.819217665480394
16.8937090462184,27.011149722562852,1,16,35.01647316493905
14.789630122941887,52.79625947956489,1,14,14.954553377203688
11.073625507091041,31.733907415823513,5,9,32.79692310477528
12.011779963946072,19.64198044711228,6,14,32.700684119723164
10.41303066486746,19.555281134557248,3,7,29.745599894378586
6.302194800717001,48.43820903605802,1,18,13.688117578304714
11.517928860750814,23.279379915367997,3,16,28.795310501837
13.93326338997677,48.36166970796115,2,10,32.69565149525431
17.52979685928575,20.29436553832997,0,16,49.479735560153756
12.907681402595337,26.08431843506547,6,7,25.0055273253739
15.34186997234158,33.27434862198497,5,16,21.15887547756287
3.6213968816141735,57.159792484672536,4,6,3.0982812725102455
9.500370751185903,56.58657123769123,2,18,18.669271509128006
0.6819665866283193,20.343593771114392,6,19,4.093540808203089
5.310237858171649,27.91095206215364,3,10,17.287798958693397
14.666003444703595,17.469969422688614,2,7,50.963755842413406
19.840294051312586,35.49925396567485,4,19,57.49812582731033
2.43397294195071,33.029127534733334,6,18,4.484269669717801
8.32913915929512,55.038008122536624,5,12,8.604856760499754
16.10138388963361,56.50026888955363,0,13,16.46160776714946
4.478694875263527,29.178369550364604,4,7,8.517292030216208
11.324156511394582,34.58689715094947,6,12,13.851400475182368
14.794890272578659,54.81181245730666,5,9,23.853681924890587
12.511716280073491,50.33539038725307,3,6,13.945299710943232
4.166482325000615,10.182815567232463,4,16,22.947684855584107
7.429999089371918,26.002978209179126,2,8,24.783669260091767
15.783939797465246,31.088712096806294,1,16,30.63141907207498
11.307417025574324,21.485814184161583,2,17,51.59235651826604
0.6019774640867983,19.978580794796937,3,6,1.0
15.33931982054783,11.889225329783983,6,10,88.77476958631335
1.1885714213346619,42.16848625348803,0,18,3.7139133505189648
15.041808763259027,23.125514524158284,4,13,36.33589461974255
4.44837092322213,12.617358921565653,6,6,18.372508455631454
19.182432862327914,21.54896552640318,0,19,74.4539914324075
7.674844650390647,50.095697641806325,3,14,11.46654257684572
6.875166518592542,52.57445908232733,4,8,15.053746086052207
3.4033169814826714,34.15331225966513,5,10,2.991922068436048
6.45928220205919,30.803533520434307,5,14,11.594519810307563
17.59468985564991,58.892684675089086,6,10,20.906037228768593
19.928519583731322,20.028232979403494,2,14,60.120579496970336
7.682035844883543,20.767964142730424,6,15,19.131555310696175
9.24790730361358,24.593358851819985,2,13,23.01190210472378
14.580383294953373,18.637865914054366,3,12,48.89678764726412
17.780817719068953,28.96827991020933,5,16,30.22952513163422
12.064364516642291,55.54171134948769,4,6,8.988016652130245
8.134751114467672,40.76739203142871,5,9,13.707591607715216
8.546125896548164,30.597327430613184,2,14,16.38694884981916
14.064553856687734,56.72053972856074,6,15,13.329757628494793
0.5627561402834342,12.423211623791115,3,13,5.071618568104691
12.581992080466893,20.51380889509307,5,9,41.34000237096959
7.432113703606469,38.294430255087946,3,17,15.31479178142301
15.986847959903143,40.77763115965896,5,6,19.430805067217
2.3133174765510773,11.977875328130658,6,15,7.718465516884624
11.969944205493615,30.15193789535661,0,9,45.701948446326476
9.878971352779413,42.45769824154364,6,8,22.832467490490107
13.025347755151934,44.90352732017008,5,11,12.56810309872649
1.7646450924178827,41.90699512581347,2,16,1.0
11.80968385484856,26.02816121804623,6,10,36.9798969346762
11.448949465210713,14.676006179895476,4,10,92.84093641960268
11.432871841115333,31.355622320966706,2,7,23.634345959022337
12.26800949863087,16.437721868402775,2,17,88.41480546646157
13.691124775914064,57.381182926033354,2,8,27.595919325116675
16.197285493775013,33.75854330113141,3,16,29.10010805717778
5.76150404250018,25.862958717843377,1,11,15.2453492559385
16.58846349851121,48.315203555945004,1,7,23.817491554709285
10.215985804137345,34.89742962911319,0,9,19.933048850159185
2.0026364431194574,25.501701200622502,2,7,3.4951873166345813
1.6417431202575945,50.598387119540085,1,14,3.2026578536591526
7.017647214573185,53.3576075500561,0,8,13.983611943998138
15.805491053673617,43.65040831443385,3,15,18.14442178278667
14.299778227447858,12.348221120383364,2,15,68.33607979882714
15.877991811111926,38.3161440083266,4,11,25.469026584675532
10.586746600611383,48.164745599864084,3,6,13.213359709645722
9.083880460132066,16.825150604179107,0,18,59.09684197222186
3.375324270772537,21.433537569230168,3,16,14.136854289159768
6.899758695381575,54.124755253406825,4,19,14.241557381235888
8.963377640390569,11.006086092653701,3,15,49.3262131691198
2.227708378752536,47.6363568912988,0,8,4.930237261794483
4.801933077868619,33.688664625721145,4,13,8.975645871374903
12.165393234242908,32.33860794198034,4,10,27.47689966020867
14.845430727664201,10.354826624744359,3,13,81.85562162709414
19.96777647216252,50.96991154832464,4,7,21.524959520857628
18.695709961199373,27.991245031828324,6,12,31.4300982524834
13.030021390936234,37.03828156502715,3,14,22.733364701736683
8.714337039234405,43.865034316782975,2,12,11.321205933585821
12.905458611810538,45.13147882189579,4,8,32.2907366501581
15.820206552564525,57.79900294130361,3,12,18.31128900045416
2.8075557230060526,36.566997661830456,2,13,7.308890758240965
8.49314534907762,29.98597754872138,4,19,23.747323653786637
16.876144569894535,57.68518132458539,2,6,17.747212314546495
7.9847425626943584,42.105511751276055,5,18,8.448908136372125
11.651509288930137,24.90751781382778,4,18,41.92626528440363
11.961502536812866,16.32321227017856,5,8,57.91288335451277
4.097286936105967,52.127725073259064,0,10,6.756868814590667
7.5635911122196235,28.10908013970758,0,17,20.839391795364968
7.022970130467677,43.02348606822156,3,11,7.081238630466766
1.0108358163752635,33.54082096829491,1,8,1.7300438781754517
0.9717393958814273,19.946488989751916,5,9,2.1515132517086344
16.718092351677583,40.084330431023254,5,10,28.673663891898666
5.824880794469842,13.034153447534116,0,8,51.03154036882835
10.602535941656901,30.667122993559612,5,9,28.003916260449852
6.325148684981075,37.33074698318355,1,10,14.13767679126704
18.84324527974914,31.802348705928953,2,7,39.642108545726394
5.5562867978825885,47.43360876254954,2,15,6.169342928366797
8.878307848409234,51.396247727265624,1,14,12.770137012513628
17.518239884449734,48.5621537016589,5,15,14.540045487739762
16.91770455244027,11.940647390590106,5,13,68.60707593595546
4.128977648002408,19.706438522298612,5,17,17.18266118616093
16.151544541016353,36.830375463188716,6,11,19.628666847149443
9.434644291388906,56.74110202219006,3,15,10.31096309692384
9.917893005664427,51.747838752605844,4,16,10.057958541761522
3.102859462110904,52.12672541759008,1,8,3.9879608714204373
2.071729518263931,25.160409687983744,1,16,4.374634938030017
14.69481648598842,31.47239485393513,6,7,19.600896382849612
10.180992470928345,33.53529736579687,1,12,19.261199930320608
9.018588700996002,17.868579167495522,1,13,31.467030049528034
14.725410458721736,11.553406512222816,6,15,60.43175586288806
15.42750153032664,57.345144973025846,1,6,16.625806350721508
3.5987092695523946,22.035629283175336,5,19,8.38261392456912
12.399390414814006,21.997445186181565,6,11,24.551715857234587
3.139404604414868,14.168952688437976,3,12,12.494286077294108
15.15181417756639,56.42538759718893,0,18,29.66268072750498
13.31062554720922,38.986855746988596,5,14,16.236973919335547
19.15398511112743,43.351842856267695,5,17,40.13796989001198
1.844681318950213,55.578844363152626,4,8,4.217119880786596
1.6125670624494592,27.281008445039475,6,7,1.0055254934025124
6.002647956517403,41.0753655569042,0,10,8.592756500636817
5.603260832850166,11.939972736444373,1,18,42.15865521260394
5.316086581903996,19.33862641155647,0,15,14.793582406261047
18.171964320160214,51.56229025449713,3,6,18.76654784442271
5.366150897065369,48.33841781691679,2,18,9.8143707186076
5.803019659508305,27.532134572857345,5,11,14.52309785113444
15.308266117150293,28.840531388710623,6,14,22.368696021513617
9.26992692778553,36.677721677678974,6,15,11.299731913626475
15.645855860626034,10.012050234256728,0,14,94.11107235457835
1.7746400725055123,22.062216801901393,4,12,1.385068314901316
10.007638276630994,20.411590430410723,3,19,46.88624710849124
1.1554652035740114,22.524147337488174,2,16,2.777723835385756
1.7217374673794132,50.29529212667207,3,12,3.0138764299693133
18.175530340216014,23.98369282732216,6,13,34.830313934880586
3.2152847367931057,19.576066102507408,1,15,8.725709233994618
10.882203304366733,35.21317303965158,2,19,27.05962677623638
8.516364250713778,53.282251818636595,6,7,8.510923218647283
7.273194862047432,22.067485191874994,4,19,38.92064298870588
18.04675024090181,13.926812139639935,2,11,74.24151048676816
0.9255562371220453,27.820236792483236,6,10,1.0
13.443898880423987,47.38259122824889,4,10,23.48066608644562
19.286191467164233,37.53452723473973,1,18,47.954437312637566
11.423279577505918,50.83966847871737,4,8,17.602775326084622
18.76803800964529,57.9796073804617,3,8,34.60850332981064
1.5190286460774636,49.633123837580854,0,11,4.976297031838069
8.666469721946147,40.19015394218767,3,17,23.55525206874308
5.573076923759998,34.667079402619024,6,15,9.059401145361068
14.75100881712423,12.003454317413333,6,18,73.29138241373342
19.63529326469631,59.21609894070206,5,15,13.183761020401171
5.502336217662832,29.174056128752127,3,12,10.718997689512403
13.256404728744451,17.61141069584334,2,19,66.8205700777848
4.362903838814932,43.33544276982284,1,6,3.4941551444149765
11.523939964146393,24.214414454772967,5,19,48.022209822077464
9.546683490422556,39.28891354655238,5,8,18.392463137226784
19.454103927814973,39.33839539222956,5,17,48.084732998676905
12.366281817581099,32.28649104514346,6,6,16.661596761123306
7.315374255692967,51.80593077725213,0,15,11.187263616147327
2.724867805314701,23.24835307777215,4,8,8.522393703453497
3.449313160331224,32.43162958088671,2,10,9.459090742064856
4.8936801340490845,36.884606429548576,6,14,5.2358579587560685
5.393849896135811,43.18123603836498,1,8,5.587821272907392
17.087013127902186,49.19859252527947,6,15,13.335651479945417
11.443844371509236,29.740364143912803,0,19,29.493634192812657
10.706122771800146,42.3023472048298,6,15,12.655766639371027
2.7379930014497407,17.530547653425955,6,14,7.439512602604114
17.27272402031398,56.63240502712393,3,6,19.489190536034027
14.594878912565433,29.152940321050178,1,11,28.67951116892257
1.8195330570500308,46.47607109882192,5,14,1.0
14.302784395980488,11.017054094108882,1,17,141.2175283810746
11.098995238181598,20.25935714524035,1,10,45.762322335677126
2.093644242062176,34.354127216178895,3,16,4.404397136075909
9.436862509808801,53.91262338661733,4,19,19.2291960924039
9.951577599035916,36.362757497533856,6,15,12.9332176018787
3.732603533183877,56.493524114693955,2,7,4.494635043222333
18.941113866505503,34.189844829139815,5,10,36.23007583738881
17.07451974387291,34.52245483679749,4,6,27.534105639459867
13.545935577917612,15.987339425026594,0,14,47.684122860699865
9.51476343951184,50.13281220761099,6,15,7.604452370456505
8.529428060897915,22.348270623353123,5,18,39.45998799566054
13.193982609443607,54.98062446861575,2,15,11.357961173066847
11.135921453434657,55.5412110165198,6,14,7.748599888071327
1.7143255646967694,57.165505593707486,0,11,2.0254527408922436
10.493801651021467,36.0115244551545,3,16,22.27898377093591
16.22487053604037,43.854689239182214,4,14,20.098756672346852
9.455177613140682,48.925794003083176,6,19,9.923177862550006
1.513153262308234,16.55073093252328,5,8,7.392394773730248
15.832424887988646,40.04785974987486,1,9,41.17936045876794
4.426593751651501,11.714895065165583,2,18,27.57096529084857
5.543106280316756,34.87830416943629,6,11,5.960535826121693
3.71177389192977,17.742134081011372,5,9,16.692245984309377
6.939193764994202,19.146146298104235,1,6,21.138345777886407
15.256654360928383,28.252378334630077,5,12,26.49561344242718
10.628024260326779,31.621858335825152,6,10,24.65027688764361
4.495184845938895,41.15862122660936,0,19,13.03546584036042
17.617686523964796,13.721420921925784,1,13,77.94692851802742
17.65184617155482,35.18458806187223,1,14,26.206003577778084
17.476279288397134,19.131256512655057,5,10,73.62897028393732
5.156526121940016,38.69875875158709,3,13,8.66226566251175
9.299167211529268,41.87023061305918,6,18,19.8694919026484
19.707298294747066,37.835462827642694,3,6,30.588145335364814
15.554243288044812,46.91477552391538,4,6,16.203451550621555
1.0297647138984165,26.780462212045066,0,12,4.805356985137355
1.771489529579595,48.25532958165655,3,11,3.913948196863917
9.54666184784049,31.638354085409684,5,10,28.619887045889083
18.229794014300424,34.20922491612984,6,19,49.86756712513662
11.004685060077927,42.40510636305357,3,10,28.02467727319345
10.20734390666866,10.917919199961197,4,19,89.82942778290811
2.5567371491542965,42.699711071012416,2,14,5.3446491036867
13.307212042123734,40.92925745360577,4,6,23.101139131340105
16.5310116317044,25.492355837663997,1,13,37.93290186220486
7.918190146397466,14.289714244974475,6,7,28.158554815959963
15.624431093043885,14.546772495652057,1,12,63.13464701279359
19.307294751065825,56.16118734926143,3,11,22.681728114519686
4.4734459529899375,44.463966061291856,3,15,5.5434490418684295
10.704927808297455,16.35513068853702,4,7,42.167473774203444
6.099190182649223,27.83615846544532,4,17,21.614286326932174
15.960661171159867,39.62414969507982,5,18,27.321401174573086
11.763070634682572,51.77858525453244,0,8,26.45614962511639
12.874357142230924,12.183046435650427,5,9,89.03133942073876
16.059326112509936,21.831656573500442,1,12,44.608582201498685
8.221424216917871,54.487449514769004,5,13,6.584813189355423
18.34425633393734,10.458277509190824,4,18,151.28301413252672
10.894062911299729,20.069955139694372,6,16,26.580861068384323
3.580119045289286,57.951208798648295,5,7,2.1104757133636376
14.070032804291648,40.67009232610856,2,13,21.41412456750473
15.96859633354596,23.083568331875323,0,16,40.33391571674672
6.67685270281677,13.34955471979238,4,14,34.008955829060106
17.21499551147568,11.409567022361108,6,12,73.0216597733433
18.169793467932443,22.237253981846365,3,6,50.24992998155668
5.899637503867274,54.07429097944552,5,11,4.846229881267177
19.67866871794683,30.795682714875475,4,13,36.899250749737
3.2438747969507893,46.01666845829965,3,10,6.942993931714294
4.439305533848554,55.914251768997886,3,17,6.54663753128
4.092384365141509,30.40202308014083,1,7,2.8499998436019736
17.932799345153473,19.563868551869852,1,10,78.86434450978454
13.258704770336756,35.855896542845976,6,13,19.224971567478626
3.466033522834321,55.40418435299272,4,7,2.9914182338468165
9.086306658182805,50.21872070688503,6,6,9.896128053683624
12.49831148886114,13.291492168157689,4,9,79.05929015352828
2.127549657292974,44.62864000387909,2,9,5.372709020713054
17.707119183943107,38.59487612294769,0,14,25.78661182923707
16.17026894110994,55.373158817321276,0,8,24.17953513751224
10.351532084744445,16.12407084251486,4,9,66.26951154555351
19.358968997553823,36.70180566023283,1,8,45.79002821531544
8.646339095864445,53.973134675594615,5,7,7.894672269330927
19.690151221211707,30.50118933708715,6,9,42.703591270664425
13.524439976670728,34.099745886643355,2,19,35.70683093849369
12.876089828451859,13.523033883347914,0,13,57.26415460693425
3.7361204582678074,23.90718202244554,4,6,11.110707383925087
17.697591286940558,26.225332458447365,1,13,39.12132257370124
8.836048914451995,57.25612243724434,1,13,8.4833120142577
3.6635514127583475,24.13336802705795,1,8,15.477465844971725
0.7458466395273013,33.0434367634826,6,19,1.0
11.41523583094846,43.56522117821399,5,15,10.855770086033043
10.784292631392189,18.10916862039387,3,15,36.855580971347166
14.527395636198593,34.322119357093726,6,17,30.61437781943704
17.86003203384714,46.92695197379538,5,17,28.65595897752198
2.0484284005390756,53.3427606513533,1,11,6.6622583629737715
14.764181561637066,41.312963733121336,4,18,28.739611829445387
4.154532909902853,43.452675765847395,2,18,9.755134544245731
17.234452536564696,16.31417362922845,5,9,70.18961807618058
16.471738520302296,57.288824862317355,4,18,29.089422480557666
11.045478222218115,16.62870387422412,6,6,28.221846324710455
14.349734573154574,48.733646859089916,6,19,27.386095959990108
6.6298272070830935,23.240816088915942,1,6,17.754952204310865
9.687774029189885,56.67965718506258,2,10,19.671461294051948
16.521919505354198,45.99797696847398,0,17,32.53220959311852
9.455671344877672,47.690685648918446,0,13,15.323589645278615
7.477066173846115,20.952958652994166,6,6,15.13210399103049
10.137142721380847,32.151998831758036,4,7,17.479749455497682
16.650860422525756,40.89065972946432,2,12,23.268224606426323
7.036556923732018,48.498680910330044,4,13,6.972683219761642
3.888351066147004,15.197968795619479,2,17,30.638906159549716
14.384273396450224,58.11826582272642,2,19,18.85433639172551
16.606575147807597,54.5110335277278,6,8,18.547516839068706
2.4624308312089,23.517429524779217,4,16,3.0194039888441995
5.177545198740922,51.1380121516166,6,17,8.655880484323255
3.268453800339381,35.91619615199117,2,18,8.90789548463331
7.284857525852249,33.090324078100934,5,13,12.333854718169931
9.281844088655546,25.72170529057027,1,6,23.053391470505957
15.102113570784477,39.04842933157963,2,14,19.922321846204152
13.197377905192646,46.49445588517989,5,17,18.267308140453302
12.608107065829408,30.546645248137914,2,7,22.58352605328096
7.371311458888261,41.46095965041461,5,19,14.947474783766344
16.90822728515282,44.965646057765184,4,18,41.47937908656872
9.69009976426421,45.55609085076429,0,7,16.42963777475819
19.592546291295513,12.598304906559012,3,9,139.1817708171461
12.865771696766869,52.987390284253344,2,17,22.239691643916558
2.962162460507803,32.9126657382524,3,15,5.597958286302381
13.685462460470964,23.12080408481072,2,8,44.53414503527499
6.83952830091813,22.08822537398408,4,9,24.375355959632426
13.8833803353789,34.15070564219752,4,11,25.16436769864993
1.858002389166912,54.34157697344796,5,12,1.5764447434066544
3.910188024931208,28.917379084132346,2,10,10.720968888801139
17.186876548662834,47.48628733917717,4,7,20.119954660354903
4.93000136195854,14.84093654936093,4,8,39.730901224239354
16.82230194223733,33.80283510755309,2,15,24.800570609204396
5.9458837248610035,59.58430701963678,5,16,3.571455211315201
13.036197246144798,48.52189013961685,5,8,20.698951951397852
14.035936183441704,20.52642442203065,5,19,63.493962863401336
10.496767686328532,35.072073684895535,5,10,18.64459894046725
6.45355819558626,21.681238182428327,0,17,34.217439394362195
4.646565339236375,30.47804636312546,2,16,7.808636495558568
1.1471924139673113,49.00420118674824,6,17,3.0088206652469625
6.426954824194114,48.561240764520186,0,10,13.086385570633068
13.236674415360019,21.405018895119255,4,9,75.243295457061
18.796943959745413,56.11116590774301,0,13,19.4419465064522
17.488487404129515,39.62840913824134,6,11,20.843272584496837
15.4382631424384,28.996214548100728,6,11,27.104632724697012
15.874723193439324,35.09677903904303,6,6,22.71590647670823
13.467205617781907,40.25356267188718,5,11,15.327980392946456
5.575593722537058,37.99452659228927,4,8,12.563170187883506
18.190303098763682,34.32025177680891,0,18,48.17371607414267
13.579280082163764,35.246640204470005,0,11,23.568516551284095
11.42859230411858,18.82059552139431,2,15,37.53286677986398
2.6642946496628808,50.63664521523397,0,18,4.509128318539324
9.217583104225296,37.08801599705077,4,16,14.172117534792783
9.476986288437562,16.553993085235156,5,18,44.822832550461534
17.358990385692064,48.307855079138896,2,11,18.688698997580133
11.159640293661875,56.62219891886754,0,7,12.655788837240879
7.917810704922988,57.3653449618481,2,6,7.331062181661938
19.547606405957858,28.450886620558638,3,16,42.336772199844376
2.6590515698631556,16.775843678037702,2,8,17.598501955395374
8.73969435208292,35.91998133165326,6,10,17.25948107274852
1.319481165842403,15.630461467461034,5,9,2.0046443706980304
14.928130354955142,56.69937092563086,6,12,10.345632238161624
18.402492767883437,19.1789813677573,3,9,79.07093935722186
5.960727926234544,22.638292997558203,6,13,15.032646862607915
17.237662697582856,30.331826344248523,3,12,34.90439947294791
6.1982554940070065,29.15822342795629,2,15,12.227366430412715
18.260018152056347,49.73314461989445,4,14,21.074407141042915
15.202257120137286,32.81584102754812,5,6,23.42866993252195
16.195682148408054,18.538413000166845,4,10,99.10935782626844
0.8511278342088627,23.360494774303703,5,18,4.886405265724539
19.274801962943506,35.4556692593761,5,9,42.77571807662299
14.670084345371304,17.372695871306746,6,11,43.11885063835224
6.4426463600296,40.58278378230071,6,6,5.730891615273949
16.673195964747514,38.287365327557296,4,11,25.872559936209328
5.989663369091134,45.735115819112885,1,6,6.019974481903039
17.518699871539496,56.885230768968384,3,19,32.84139188978356
2.695317613032772,55.61272805505779,6,19,3.9600242652502318
14.221876560485518,57.30378090344157,6,6,9.898132958089489
11.043620294575751,22.235779851185047,6,13,22.035463059272676
2.382422168811096,16.57826533196773,2,7,9.650553832705036
5.21692965104736,25.113835024822425,4,15,8.82686548812537
0.7418787074076384,54.75425863831573,4,18,1.0199287299416926
9.640975326557864,58.60267373117441,6,19,8.847037099823709
6.374672584820007,52.9662475535238,2,11,6.9019200976719475
12.167970943806298,15.50088605637718,6,19,66.10844524515731
6.2961372503180355,57.37139990298966,3,11,6.387712448325279
6.348422674386201,31.1679013675393,2,11,11.688775420572783
14.992267375266266,10.465514538117684,6,13,69.09308140392129
1.4387853015778922,32.119687037409676,5,9,6.858064211095993
18.10645240624375,12.30345848377338,1,8,145.0545527788384
17.119145550628037,37.19389605805588,5,11,21.417411313077228
13.522191322914926,26.927701371852567,1,9,38.336776428809706
12.067820617093993,33.67174667970244,2,7,22.855785567459307
17.899898713723218,40.65851803715585,5,11,20.37384423549549
4.113938500809931,53.44005479089101,3,15,4.5554013406507945
2.039898662721158,43.09507882359643,5,10,5.191221340380233
5.170448313235993,31.702443423909035,4,16,8.324900764020617
15.99427643465371,50.97139268351825,1,14,18.34616371514155
1.1760702011664248,55.27910687865661,1,16,1.0
11.864733284128048,15.987998321609862,6,11,35.081559355006426
19.911031565730543,36.59664887763957,3,19,60.37214557620807
17.18607382983202,24.225597987122207,1,8,73.05503958068977
10.668190936349994,12.35305989384737,1,16,51.869408928258146
1.7409977310895257,43.42733475569927,6,10,4.740476110429551
16.71178353052134,53.13853887296128,3,15,23.909931223524207
12.180080909455606,18.1451327238697,5,13,31.15036952557127
2.741193442661553,50.62068288119502,2,14,3.6844755378667435
2.3302170540554457,52.66978667684708,5,13,3.140778389300082
18.23772297901355,55.71702213332418,4,8,33.9640797359464
13.54940512729253,23.264254454302623,4,14,35.813692496243334
16.671092586676732,55.197653259494466,1,8,28.524530417562854
17.640088555504214,26.03313773682161,4,13,39.33124365624416
11.649560864942284,37.616900672775145,2,15,18.874284625328382
10.590203859223305,12.525373541614107,1,14,49.3482849941588
8.893334501259309,12.19405441843718,6,12,32.0543713259201
6.680458461926826,46.01866063661014,4,9,11.588770115504355
8.974621236744879,32.22399889888955,6,15,11.766427937818536
15.59065328673805,22.81461876846088,0,14,38.98300467317045
12.237506904795065,19.520674801245512,0,8,74.01872774226052
17.904204154119498,43.4976745429609,0,8,39.518545147773
9.14591028039416,10.020077201266993,6,7,44.04354407632772
12.338246785015704,50.29455845984271,0,15,16.558194728940055
12.81049728529378,13.962480306496442,5,8,80.40936939541176
12.038094664973348,19.57448074540597,0,6,37.6726955301979
14.201358575167568,29.31181976495448,1,9,51.37030742764518
5.129952633308722,34.24293698580518,3,13,7.984592982070264
10.491093662142918,27.74975579069709,5,10,30.159557516707622
2.5323836547627794,26.035608249214693,3,7,7.654335887789402
7.997970889073844,58.19580060365942,1,8,16.85503439894513
10.009507838114656,42.07898406216971,1,6,15.864865311095684
13.218373061136713,11.17164776836941,2,7,71.24359611419408
19.03535552543097,31.50879542221566,5,6,27.439078426498035
12.21269579769294,53.75043498719851,3,7,12.671550957538258
15.000081365442917,25.0728093205334,0,8,60.10827633548401
10.372188160156453,14.727817238719412,1,6,41.07377496505156
12.865028611838461,47.91923857949589,0,16,16.480893956059088
1.8831782146085818,40.300691596804064,3,14,1.2619008776077318
5.460635826416016,38.515625391325194,6,15,6.4229434594697175
7.556135317500205,12.678827980370396,5,10,50.77354143162761
9.713620422627015,17.02495048977587,4,13,34.08391970483293
1.3901505372964829,41.12746981065569,6,10,1.6372831654955289
3.2304699022896948,20.39119207294179,6,13,4.1912917999329125
5.8978790019304626,35.203503987421215,4,12,11.361860539233438
19.44488747257049,37.24408430146967,1,17,62.783062850579356
6.96126663850949,24.175359513546972,2,9,31.24766382258089
9.89980063318561,57.42125777707464,0,12,8.096065828206648
4.323905398398662,52.12320534177876,1,11,2.756652804745659
12.410211385977481,46.118675381639925,2,8,26.24638723423851
5.973322702561499,13.899693320470455,0,14,20.54053094045091
4.536355279549322,15.306500965450972,3,17,30.95861881487462
10.573166254696591,34.639067293247784,6,15,18.950612706507716
0.607363083628206,18.035667459549284,6,18,7.578243651485545
0.6494486366598939,58.9132731764737,4,14,4.059702747964895
4.771841777486227,17.92601170137047,2,19,32.80872889644106
1.2160665687660122,34.3733917731987,0,10,2.4950569948607004
2.6065022055484817,28.20605284207527,1,13,2.179275462455599
7.107782662105656,41.9693210727049,0,12,10.973697535268712
16.15042075180635,16.451820444471245,1,14,57.37468919913746
11.654948545701366,31.515821402119546,6,12,20.654250342501637
10.49702065615012,23.735251640357184,4,9,29.926795667556043
6.223032052558372,54.387576233584404,4,9,10.808285847959306
18.669197528939918,12.029285606734755,0,16,94.97622337818714
8.241793304125238,55.686374700322965,0,13,10.905548361338834
2.198308952517544,51.64970692765002,1,11,4.2209723627270055
12.532797064297124,24.878535822040774,1,14,30.906488408863364
2.719848672793727,49.464532733855236,2,19,5.579676298126585
7.231851284632995,11.560678016937377,6,15,31.84263762715144
10.394532804997272,58.34327751466968,2,19,20.683904995084696
17.54733923136093,36.32974712948946,2,12,29.725782678415992
10.124158316632315,25.164051303272263,0,12,24.208327770908856
14.194045937617453,28.129160629733853,5,9,42.42723534194503
19.859928360481874,13.320267673024869,5,8,104.32602794098437
3.0640378380106417,59.46747570210196,5,13,1.0
5.85726474763063,11.964597257534622,5,12,22.73197812569537
8.194233474154105,42.745356157392955,2,9,19.57389630216784
8.725649481507212,32.13679638532292,0,18,25.132503937214373
8.514910967678142,57.44581090943576,5,9,7.170432879531921
18.19841454985282,22.29998701533976,4,6,48.23515604709737
14.423636567103701,36.60434119690056,3,16,25.446618058386157
12.354151674768723,34.11781042913765,4,12,17.485918311371442
6.532767998324251,45.14332220250507,0,6,6.806045052278036
16.563912492315247,13.400511597621026,0,15,74.4871314914342
19.123679973957284,19.68945650116774,3,15,60.8492837158722
16.51336650972942,20.72824100464249,1,9,70.662127550816
0.5305195512337216,46.907537742084486,1,16,1.0
12.909826718576436,19.456934816337004,1,19,57.92320471727724
1.4971399381209642,38.67458819454883,2,8,2.8750495122600386
5.5233407965075765,20.762191025047684,1,16,16.415949085672494
1.660731656781548,53.08124750419892,6,8,1.8926793991963615
12.27401133251306,57.109272724481926,2,17,16.30784128564996
13.888503313105833,35.92464874711202,2,6,20.523343118478763
2.7325089422851496,27.615444210458914,1,9,7.9471425923499766
7.9848582193771,21.702888750874955,1,19,33.02337593176267
9.396611924633069,12.48905007615219,3,6,44.75771947771911
7.696533924337873,23.42500380987477,5,19,24.25500873292728
2.8599875094612646,42.71178899726589,3,18,5.931517417765691
8.66948190865577,36.68084656546054,2,18,19.54430414523794
15.147971932264154,57.20206391404637,3,13,18.995353863444276
1.8846494583984816,29.81386312458503,2,6,3.855546795593881
2.0635102745971174,44.69316711641973,0,17,2.9694449606961353
7.418040190801692,34.46613737375607,2,19,16.579667907991997
18.863651376569038,35.62881079621059,2,11,29.344266959955778
13.537166611096824,23.388715730205874,3,12,35.39284875707808
13.734064155115014,32.747538842099985,5,15,19.908458094728548
7.557439821338367,33.539249850635365,0,19,26.84332018572826
12.0763854285665,45.332126087446696,4,17,29.465602179207988
0.6975580885409959,57.03199995930569,4,7,4.649934506860671
12.903872904986073,26.466063874125215,5,9,33.16030089884225
18.309095477736616,12.110023429064922,4,16,90.05214209010195
12.445182632723974,34.81475627503198,0,19,37.563436013580855
17.537122572593727,37.22306660745843,1,8,46.4589207592829
14.61747458158883,18.422027556595765,0,18,64.54700460081888
2.85088911987196,48.02323031380334,3,18,4.201481247225259
18.097839492073913,59.24645542207458,6,14,10.305867795552274
1.7956549649376101,57.288735850423045,2,19,3.0226941744862144
10.912365714681394,19.85530194118261,2,12,32.621218014411845
3.2716739139724247,53.768161995038035,3,7,3.906963091173935
0.7282789092526293,45.22468182058424,3,16,1.0
8.72966807248896,32.69232819034558,6,17,20.27463512215468
6.2532937992560464,37.03054971623645,6,11,8.889400644868019
9.977009629053258,52.4800087491229,2,14,12.576720115622782
11.755397791323741,34.00674698191866,6,17,24.612407794673185
1.3529119100244735,28.660368455256343,6,8,3.7058665111707856
2.89856425491304,34.66237465129929,6,19,3.904751635039389
11.393526730783295,38.95649020175246,5,16,15.94624693141636
7.191763386866835,19.453882688917442,1,11,23.634910147155026
14.718883007214236,55.045386513349534,6,19,16.98372459173993
13.219687147542823,43.709347441480695,1,8,29.368993327980686
16.989285078303183,41.66344586687445,1,8,42.76770086917766
14.003610120049894,14.974811309031907,3,9,103.93702738608017
8.883656009107888,40.20869690862959,6,14,12.45850941299367
13.622849136691432,16.048033111924617,2,16,51.13311503566689
5.869932897980661,13.934883759769953,5,18,29.175052655935858
6.473113226175148,36.36554478211967,2,13,8.115453272916895
15.88521061845547,30.13927670232475,6,6,22.91945652636401
9.205180569830853,39.44051350781116,2,18,21.10445753816831
16.068416640107873,14.46110840286193,6,17,91.63912813220722
16.537236286531428,31.54915314236292,5,16,22.821051134752476
17.22246558439503,18.7393357522579,0,6,52.76602297608871
18.374387098903544,59.35500429620583,5,12,19.064313597408542
8.904211800009277,38.05751062175872,0,8,28.120534397105022
6.717902957262207,44.37184304704336,4,19,14.651924950685785
11.85287555858522,26.270914034130392,0,16,30.05522877578172
7.737862257033738,14.736945738967208,1,12,29.647590825534976
12.220946252604543,58.79354313917683,1,14,15.95724071382171
14.25892432155458,24.31295176915916,5,8,49.70978252321427
13.92389786059667,31.19040925867871,1,8,43.81307669412991
7.8037812968923665,42.49319608512875,1,7,10.786906624121462
3.75377393312568,11.234864884305564,4,15,21.494081226391664
8.895322100013047,50.51295652586435,1,6,10.144572967796625
3.2805858095972202,36.82890950143101,3,14,6.442627860320428
17.856892186084263,23.910859353441108,3,11,47.532460099424895
7.24461048438822,13.080399264623463,3,11,35.470447161243804
3.5119650708548136,18.124920773722074,0,13,11.502057289978818
0.996231318162142,54.751692942671845,5,16,1.0
13.093536532586443,44.301211196794554,5,10,25.502962455309977
12.919595190367493,22.49508608184449,2,14,35.34812074913315
7.141781248335188,13.280038247251476,4,16,33.570993559934145
1.8983818325291946,44.53076561933182,3,10,6.2439343503293685
8.487763450457024,38.620386298388254,3,7,11.724336583651494
6.568741153736175,30.22597622291175,1,11,11.174578259349039
13.703852474832683,28.180572459503193,3,14,27.13767169895401
12.312695364327462,20.840713796455415,1,8,52.84389920501501
7.6095776998520295,43.48056282687588,1,15,10.929099886380971
4.748904807972307,58.53340138969352,2,9,9.294713487074258
19.766701340034043,18.785762291841294,0,15,60.304275006629446
9.35303161332424,39.85583100077517,1,16,12.173568140616098
13.921347597714622,31.20925278729881,1,13,25.358775223014632
3.240782867778035,32.33443608723324,5,11,8.326102007391418
9.968999143358257,22.70736400639072,2,18,49.826192564358166
1.036966037454577,51.25674378307095,1,12,1.0
10.356374799253773,34.262780207362056,4,12,18.898761099594665
19.298339438795196,37.170292609913204,0,9,45.145224172975325
7.992030903223104,25.238045639866286,4,17,27.453490291653814
1.2604222452107758,19.090423283347487,3,11,3.014132135036816
1.1036379229271989,14.295519410141024,0,17,5.725842833905467
8.065741818963955,45.70595704624579,3,14,10.34195316062369
3.620486261032284,19.811714084392783,5,8,13.673095309588362
0.9553658783996253,44.503767709439884,6,13,2.1514694721094343
15.246165472028448,29.518822302347694,6,12,25.041567760572285
9.441198673196869,30.788740049482573,6,9,28.7947152770285
6.140273053466763,33.45887480463858,1,15,10.1914081925923
18.051622068821374,28.38542540637716,2,18,50.463274647971254
2.7647097239102494,15.030998861129504,4,8,20.864783954074024
19.140417164628726,25.48159050014229,3,19,70.02109811491403
6.62235098885838,43.18671803469692,1,12,6.248723774751989
17.823871610019285,43.289220073443545,6,15,22.74995339526815
12.2573860913495,24.311215361999718,4,14,28.213693182633257
16.620793514959004,33.0051313278844,4,17,61.36911462868363
19.688256682604052,19.672361400596873,5,15,49.14430738885744
6.123906037465542,20.51860407649179,5,8,13.279557180128933
19.242141965448063,11.15235442033037,6,15,83.2730767693563
8.094896950597196,54.83732749538723,3,14,12.131821879542038
8.017482142369985,20.53533325374531,6,18,22.462103883010094
7.137548532962861,21.376693846823166,6,13,12.231164808737415
11.057448343277912,23.98007163225659,1,17,34.63512294533975
3.5058283419804983,16.370403584771452,2,8,24.93905994805137
11.297373964481219,41.963144159068136,6,13,12.748157108158413
11.063243841995078,13.75714765887933,3,17,72.89888608900948
15.357085345794966,16.71012131631751,4,9,64.24733767158361
16.75617425778292,42.237836329504646,4,11,20.5582719974051
9.088606331092269,26.983031024072137,0,17,34.64464683741427
6.395498362354128,45.39739133505945,6,15,6.076041877745274
5.557030497683342,37.8712372335071,1,7,9.6521540260537
4.295164815745003,22.801058653075653,0,13,11.62086209347538
1.6241278528809853,42.541397524466404,5,18,3.9863938888410613
7.17773558727691,15.813684014644032,2,14,28.497293561149593
5.769829996550273,36.820519154001516,3,12,12.018541006035441
19.345139024394943,31.857405252251734,6,13,29.202875070222905
11.375322111875857,23.393679140872038,4,12,29.86485669494442
7.271902261094898,40.200249886975,1,16,11.55631526896825
11.819118219377073,53.566679617014124,4,15,13.533204778565763
3.2143356762410624,59.945234988153835,6,9,4.787504879209168
9.158853109442957,40.38813843717122,5,6,11.085628586859753
12.711569267710745,30.235293716458507,0,8,38.40452001128645
10.033507719952802,21.26035501081008,6,12,25.517797666610985
8.334686612759324,22.854804469755585,0,16,18.466555412423887
19.880043583544115,33.97274890748828,3,16,35.547806085322506
17.666137861904076,28.36388506403546,1,12,37.38434046557764
12.656416184109082,55.69072613124721,5,16,13.428946835474628
11.602858543054515,28.414773382785476,1,18,36.63488339829835
12.60287935657939,28.672229557271773,3,8,47.86733611569503
4.425586102537448,29.176725621698846,5,6,5.980897119065455
8.205185993654213,51.831010518382904,5,15,9.225586941375768
1.2694608913725367,42.539416042345096,0,14,1.0
9.77314773099312,40.70844251594463,0,17,22.313971263140644
11.088979387174431,26.70715111919311,0,11,22.80393189294078
4.941119854012587,50.89520884162197,4,18,7.1050764481787025
19.29856251972752,11.918193067785056,2,18,134.3595400575996
18.23436491327622,53.53985861690566,6,17,34.01058759111162
14.581793091390164,35.63749498969648,0,12,24.112368062630267
10.90103926092457,29.91251174317064,2,6,24.84948281172074
17.464398613129855,34.858364035884286,2,6,29.57877603552492
3.047720704557527,43.37077652669155,1,9,3.4033789365790827
15.914940988360257,10.638271325894868,3,12,89.27508112819498
2.934005872353542,53.577592822912386,4,19,6.805042441910369
15.987107919713406,32.336976265569646,2,16,33.0365560739357
5.8774675809014605,27.148325985003908,6,16,9.102070944606913
17.603266329854684,16.912278281702854,4,13,65.76882929250833
18.908820829595257,31.973268717922107,1,15,35.10384355055982
3.4015214033997547,34.816138564218946,0,14,4.971564560010806
9.522174298775173,30.18233472467389,5,6,16.694761963076193
19.62925387417236,43.933004691344856,2,9,45.268060123957795
9.92644500147636,31.0448264379613,3,9,35.62530590743004
17.33917668903363,58.070878892328665,5,8,21.948903834788776
11.980264681560737,39.96387589117959,1,12,18.652712175110338
7.818933204432236,50.373896782595445,4,6,13.662405229128513
6.072779332754469,15.467795155473942,6,14,14.289719992976178
4.462850276178702,29.864564647295285,0,18,14.656373101270583
15.355064731865095,26.842385072357636,4,13,33.75359846130347
8.037539883049043,38.47411940682959,3,7,10.662784392297123
10.469871512914647,53.055676003071284,2,7,13.90701897377324
10.100346860023048,13.916910888100332,3,13,40.07005439850185
11.756941070046059,13.628739902235539,4,16,51.05906098291842
17.378754339678768,52.51588540787994,4,19,31.4504060019075
19.624417199876873,20.64250430191787,5,6,47.40624997614643
8.44789206718943,43.437662722490685,3,18,22.237788912077527
16.63661898107291,37.14390661804026,3,12,27.219334537736483
15.408291995766994,51.644679744361476,3,14,17.65312670945246
11.683814553383678,16.254445491820178,0,17,61.96298619128085
19.142919300432695,16.489148286130565,6,8,100.04647470110856
4.409253052803854,37.84091801391538,4,12,8.617765568908888
2.6306521010376174,57.318932667918546,1,11,3.1756225641216584
17.15225835563073,30.749887918537713,0,12,35.15379536883499
9.063421424358092,26.347105012734747,0,12,19.077474808607743
17.01589265703768,40.33446615989429,0,15,23.706041060074938
17.91525900131059,56.52243002725155,5,6,16.207242623215937
1.717923075571893,51.84639164223118,6,19,1.0
17.727562878228184,59.77418053666099,6,8,18.603893351420474
9.242221579703733,11.128429160118854,1,15,51.856623870092655
10.453433535582528,15.642907235638113,3,6,38.680857336216164
12.7185539663176,40.4733881683311,5,10,22.936900919200777
18.56446083123669,51.02882196669248,4,8,30.53439140688599
0.8727638413803986,24.262217115338327,2,6,4.228590054454795
9.798447632197433,21.960554401710937,5,7,20.536900476502293
13.910579827395933,49.34878996906004,2,15,16.142360112574845
14.592785675115454,12.81909269266158,4,10,119.54971680187157
14.004382414973605,28.469132379129256,1,16,30.757079931151228
3.1214850234583764,35.29046112961649,6,8,6.73605050671345
6.338213973247784,38.01743371751617,2,11,12.559590869259734
7.494952745631762,46.430757839638844,0,14,7.192325839615236
16.18652554975035,27.74228617153291,5,11,32.47362443255402
5.9358175120837835,40.63421723373036,2,7,8.139864412153422
4.608746795410462,39.268771139547816,4,7,6.9451356806749835
19.170236371242876,37.380805032687356,6,18,48.97903747639281
0.6728340597126435,42.02416465711061,0,18,1.0
19.957506685798574,22.972458553403815,2,13,51.302240125916406
13.698015327719215,14.232437679231449,6,16,49.118822103013706
16.655151339257785,15.963583601987171,4,13,65.55167563209439
6.245078228750767,21.229119132695054,1,11,18.060726095097635
0.7791479145076696,35.00989677613926,4,15,3.4228786642052054
14.888455611949835,52.022137527301005,1,12,17.99336854165403
16.76581964151318,45.06466710441921,6,6,17.74357718731062
14.939284573093623,49.45203021010236,6,17,17.403887648423428
3.2855806023663527,27.54878119630457,0,14,5.432935699664282
15.191844484010897,30.232687082427507,4,10,37.17133632196544
15.493994251098998,29.684094299530642,3,14,34.547484916979144
13.341540055566071,19.593659220225078,5,7,34.43020794181338
15.439260689513931,13.0608329071786,3,19,111.41138745496045
16.995468073715777,39.54580464136134,3,13,26.585357563451765
12.465280227630439,59.460834171029305,3,12,10.817317380448035
2.2277919224087417,18.34148524751314,5,16,7.036814472489941
10.008742288510613,12.334240994963688,3,19,98.50013447457741
2.0141620260962987,48.97658409119665,1,9,5.030716633255313
8.447089105132402,22.62930033423621,4,8,30.761075724524996
8.43857653794974,51.482190267646416,6,9,10.92141093159928
1.7871919607347109,45.19683335172577,0,9,4.459082555468868
7.302000412404847,57.28367685254023,3,15,7.023212901148676
2.664462926430639,30.4463617878336,6,15,4.825418385039692
16.26058659517983,43.098491972531704,3,13,21.190351103533896
18.97991650630718,33.24273904066354,0,18,51.31890910340614
1.9101712675298028,41.52943486542718,0,18,1.754260970026806
19.124746542188177,32.479945300386866,3,9,59.89037981369469
10.69024368706653,19.431612321203744,1,19,45.36509893439203
6.341530720100541,35.394870800169045,6,10,15.662442460644833
1.9988104678851886,36.42921007187212,0,7,1.0
10.262173227373147,50.53019241300805,4,18,23.92001462811155
15.9930531175696,46.77603528967906,6,9,25.26932945109886
14.288186306700615,43.1895811970722,4,12,22.903473214843533
1.4794072235474884,15.669354777628627,6,8,9.828444073097643
1.9215857896741184,46.03081453318575,1,19,3.208179415922248
8.356029011336425,35.01525781772574,5,19,22.224278983187403
6.258164633934894,54.704976805307965,2,6,5.408516936268635
5.031494299592933,55.99354670652714,1,18,6.765129024295278
5.979587728719915,12.757829530089273,3,13,29.204620317238415
16.16791349428925,51.03207801772394,2,13,23.078092426429137
18.61994704582115,11.884869521133531,3,11,96.92882684272055
8.399502543287545,28.358481284751132,4,12,19.374888749907818
18.169164541583694,37.114998781053956,0,15,27.61736377535074
6.769166174333698,17.40503993135637,6,16,16.910377932788418
9.790521233703936,47.315690628453844,3,7,13.805919474700488
4.9075654574119945,10.417735208606928,4,10,44.967542998523484
12.989282822428958,18.42995242170184,1,17,60.89382780349641
19.590131745908774,39.03984149267379,3,12,31.7163620865333
12.268115372845884,45.71937810186462,4,14,13.144685300951089
7.477374640214203,55.83215513469581,0,6,9.331275096293204
13.132440196815303,45.274832596731194,6,8,21.698908449474
2.8969532300750576,43.5889635127433,3,11,3.2610800562172395
17.828852065175273,29.717057317533214,5,19,36.01256289673564
10.31013704020681,10.06422127634007,4,12,57.890808508686675
9.26231996977302,16.007962936781098,3,11,34.497109298465425
11.924363374843624,36.72772723780196,0,6,16.42889677071978
12.683285324393347,43.756494292220985,6,9,18.769211299903525
1.8996282214170042,30.872414194823126,3,11,2.887400674097667
13.811035813856346,46.533950576419514,3,13,15.49599444853094
5.217667766152827,36.093114766608934,6,15,4.444969239836276
14.4220763338785,13.708809779715612,5,19,78.66987407986561
16.539428490491836,19.600812548397442,4,9,86.87650358504574
16.177190897274144,51.999911162197144,2,12,18.525926544323717
11.273768864453839,46.24563733122198,6,16,14.23412339021334
10.643312900059648,54.73809935062475,3,8,13.812216052043487
3.2860812461185285,15.877862456046827,2,13,11.650819261277107
15.619249932861145,59.511126730753695,1,6,14.900459782215023
5.79248291871093,20.47033569749668,3,9,23.25841942608345
10.185560744949958,10.5889938143321,2,13,58.7271419049363
6.043344812086576,59.871146952677705,1,15,5.842495943920994
3.1096530784940164,24.053694272255655,5,9,9.976260415447005
12.776375089388862,43.40097262562799,4,7,13.480634682525226
1.5594746790466247,18.83411570881526,3,7,4.91077076835598
15.0985820654609,39.011426609957084,4,9,36.96340673313004
6.692942507591775,55.20174932272796,1,18,13.82757439577319
0.5026265135874637,26.00905837142193,4,9,1.556997378551415
10.46701821512598,43.51269880221796,4,7,13.462264330931104
1.413612216288261,19.395179439920824,6,12,4.624693598172872
5.88530637750754,41.239769935936266,0,11,10.611961978675891
14.286041505386466,26.822517590875506,1,16,31.141230836313344
1.7224476216263844,20.560412929397586,4,8,3.8349786756191384
16.867100600942045,25.65910253518176,2,13,36.676132519597935
0.5744884918423706,18.942053425389968,1,13,2.665374292397021
5.313065449437094,55.09580539189414,0,6,8.377619036627443
14.947629094965393,29.859344315856443,3,8,45.67547561382435
6.667267919721482,22.263965248718367,5,10,26.08065207789856
2.486901567287264,32.42039205079664,4,7,3.937472527312111
7.524561416608344,26.026808340324777,2,17,23.921899828215295
5.772669084498248,47.2209626906663,0,17,13.490113115806558
16.93288209213082,58.56099559427472,1,10,32.051985786785494
6.610284392910291,31.90168283488234,5,16,10.905581394377124
15.88418319963214,53.05166999861202,5,15,13.572093309560191
17.891506823809326,38.293153677980975,4,8,44.55173877390628
8.959439681742326,17.861783254711675,0,14,28.05336148822316
18.243891305160645,44.53113710406708,0,16,21.038760908946596
7.85770205228226,35.67172485629101,2,6,12.841672685225973
19.29952912155711,42.53032616260517,3,9,47.59381010989025
2.241145728248672,54.48437062858325,3,15,2.500061169394077
13.896875696813234,32.0217285328023,6,11,23.04922862380083
10.12937378891011,55.058881160867784,3,14,11.729182962183051
8.059151706385117,47.53345071408275,6,8,13.732647333415745
12.837881635597718,34.43024629389924,5,8,29.410089165895222
14.225213286869458,40.16110678289819,5,17,31.020261515717916
0.5850837581810272,26.279056625950574,1,10,1.381192396105167
3.755585230570375,59.17986498693871,5,12,4.40364745577662
14.404397987369215,43.3675581525198,5,19,24.856347263125468
13.494515564775027,12.192342624831495,0,10,86.46609721701682
19.337926350009205,26.331095287400437,1,16,44.73185913692876
15.340236909890269,41.165721687952875,0,13,22.273968942151598
19.040067800761094,12.81666388996199,2,10,163.95842322937955
14.199539779928736,11.194209565957138,6,12,61.893354565009055
6.312018068469142,32.501211976390124,6,11,10.589268070350371
2.554615983891701,26.6345089846335,2,19,12.985331578916565
15.745565335226244,31.914930401658296,6,15,24.068674662928426
13.06090981878036,23.13466549400026,1,18,64.20086793452478
1.4396272416692764,18.235887347149045,1,7,5.0658655683751155
7.5209840850690775,44.457167849016884,5,8,11.639624005909601
19.15759640194358,35.728555813390024,6,16,24.792891054934138
10.257822341348923,20.00771056246834,2,16,30.118767622005418
8.938218152384241,25.979471312999916,4,9,24.257606032664686
9.425142300606232,39.590395383166296,3,10,13.731727050226887
4.573213118100693,13.611467413623892,5,14,19.07755956832089
7.689789831863506,17.37265046330898,3,11,25.581208705344505
7.7113584917499445,13.662280205369505,2,6,30.43668399599877
1.5209228936557118,50.61586663570594,6,8,2.980698337937031
15.467568756099407,47.62046166060046,6,12,16.82212777164479
8.62183642212564,47.665646593962855,3,13,10.496764983706962
16.532507792920253,45.8162671738014,4,12,19.073393730491915
17.08178602183796,43.46927118349346,6,10,20.82584272270847
4.633884066623832,33.84959576890875,4,15,12.776999317249597
13.318392902317507,42.113908175355746,0,13,16.154074838359723
9.709495181178143,11.918077739398733,1,14,45.62317886508529
17.66305638946896,41.07322113283923,3,12,25.18477121217471
4.706943243940855,48.89388527684386,6,16,6.264586450873708
13.717357406045862,35.01791801921951,4,14,26.820432089526218
12.35116638392809,27.875666421361846,6,6,20.841270867457723
6.258378812650739,23.871336740048957,1,19,29.846408460323886
3.1637176211978657,42.14010250810412,1,14,1.9366384061065363
13.206975329306893,44.640059931495436,0,8,27.477769067849223
14.902650433580447,53.54837999312713,1,11,16.55870998069383
6.654733203385325,27.116704123049537,1,13,14.650551485566364
13.074235778435119,48.48861536927928,5,8,25.704848343102658
8.205052698424314,38.0677912094669,2,9,24.12496543602017
14.407534224011046,54.14182453390396,6,12,12.492587006413798
4.384697860434036,36.390605414781035,0,17,16.35582843663544
17.8591925514054,35.88149141989836,0,12,26.656254858053106
6.1044871310788045,38.89385407204546,3,9,13.335681754412459
7.671826761244981,47.46576775712172,1,14,10.512056042761888
1.6327930655668208,58.23452394142305,3,18,1.9956714163571123
2.6744881402648897,13.678167710788284,5,8,13.1981096813731
10.559307102890399,12.671730119550858,4,17,69.41439037477618
5.718057196195444,56.877516870366925,1,13,8.251597962761196
16.79186440197279,36.49378127591031,4,13,27.38464911733133
0.7865210787715999,40.7451507283468,2,18,1.2426936233093075
7.892333949102755,34.12118007973645,5,9,20.98137191791271
7.078238161997307,14.682872630373724,1,12,28.529502225626214
0.8768888028932202,48.404468920933326,3,9,1.0
2.925183780509949,47.361232254429346,3,18,8.849215124810645
8.566032160913387,25.5851660746406,1,17,21.575219814458404
10.110859396725209,25.31196226142002,6,6,19.976946407860886
8.383650071469948,51.892069045275925,3,6,14.770549220472823
10.85328472903583,13.61786288706633,6,19,58.495232391287445
12.10506766066079,54.055257417828294,1,6,12.048113818155853
0.6935145119927948,22.83308449479572,0,7,1.0
9.549855609343325,39.6492373877747,3,11,15.192757178115505
19.288235197307973,56.799708950088885,6,17,20.57466598076176
10.6211294625262,43.906125076832325,1,15,16.026830033492963
13.712074215449586,30.72149062335183,1,16,29.680262805721586
6.581345229379222,44.47671044527076,6,10,15.521455958407893
15.59283187397887,27.19898181581851,3,16,32.085610852235995
15.571968896584245,23.862920817459305,0,7,39.185550491391034
10.665272929255709,59.83416389673398,3,13,11.680436026246344
19.532269553944666,47.53951155898939,1,14,27.685720953955034
2.948229187871741,42.235998869090885,0,12,4.906571212364044
0.8304794653468294,27.76448216096594,4,17,1.0
15.51808512926337,12.458041457752408,2,19,143.4550432928432
16.23953297861521,11.552843801757781,3,17,140.62243023975225
2.8440409678512366,37.70906277243994,5,14,3.115386910073992
5.678865242692819,48.10163605195255,1,9,12.472495160576491
0.8422710856492637,36.86895952219275,0,18,1.8982943351528958
6.219517910221011,52.03925359695573,6,12,4.43501217659317
15.576266541414094,11.671326654661081,6,10,101.80818269814199
10.60023029039529,28.337603821297005,6,10,30.231558849402298
7.2878640667816175,21.853519558708904,0,8,39.9128759992437
7.748916250673441,32.363648407856104,4,14,15.35653557134475
0.526395701451629,13.618819659706123,3,18,4.9586889878798015
6.3461102875221,57.70658207855363,5,15,6.6573330129737025
13.105945461939644,21.162770053468044,6,10,58.597778521723406
19.496791654418963,56.11538877417924,0,11,20.22771942249097
17.01768612618604,31.29465775183409,6,8,31.829854354592236
0.960101810587818,59.2762066627609,4,15,1.0
18.021931791159368,37.70291917301054,1,12,30.53260637447258
15.772369059323205,56.541643208790376,6,14,9.856703862008558
15.717334409634118,10.267449434711143,4,14,87.8483477912001
9.430917300569643,47.41194030904501,3,19,21.537413137921433
8.261103212612806,55.15253265512577,6,18,12.318955798679
6.406856712247256,16.986028348947706,4,15,24.59101636438093
1.7810497496101325,14.806292586607574,0,19,7.344393880789127
4.950589588127133,31.228630359297778,0,15,7.152512482611584
5.30877088207148,56.683945306646756,2,10,7.109203555355421
9.93950285934893,37.11932800952194,4,12,15.280700256438084
15.075165928635533,36.372823186086606,1,18,46.68186734306844
9.73929165375996,17.056305914966092,6,17,54.63232122177167
1.6279667642196318,10.039475554660939,5,17,14.597358518365091
19.176901119269974,50.50700453727306,5,18,34.67254055270556
18.883124222335187,14.378728149311911,3,8,128.55761622490996
15.811196091393963,41.6924909367662,2,11,24.063341180906537
19.8308940805023,55.73082272575957,4,17,36.44614092063372
11.117405489605128,20.432595657921553,1,13,33.9322779364316
19.27398282993752,43.26364181184554,2,18,34.19505535137699
1.97429829202664,13.934928835375473,0,13,8.499689242021267
7.63077459109674,40.18775719188065,3,7,11.740349777915144
4.894934726131933,18.196586047660137,6,11,12.79651937638591
4.318745140618265,46.7976780257589,6,12,2.245645507762238
3.2456575034071835,25.06156473969541,6,17,14.962535155483927
12.637066010536934,33.169550440232314,4,12,24.970040216846954
15.73577618707245,39.971527101381085,5,8,24.790722499860344
11.776818788697033,18.563670533311978,1,19,53.04616167071424
3.3657728369700886,47.081890930881045,6,19,5.490075735295343
16.316913513702684,25.13201703184073,6,14,28.820838634257278
12.901116789692706,43.11859299563768,0,7,18.89192474503111
8.069231269476413,17.914152534968682,2,16,27.69870247735416
13.645540762953228,44.40588296031751,6,8,26.81138463826004
5.568147095235241,16.409403640523088,3,16,20.419426666961296
7.2312480656371045,31.267824813499182,2,7,13.27903562036349
18.39097394107381,22.36030368694384,5,16,38.49092537879606
6.164837860592698,47.41876247140913,2,14,6.247729789805433
9.664771229079763,23.10175022534373,1,9,39.343417679399906
17.857752179222285,54.08586531976981,0,7,18.406638721518636
14.300566330216785,54.59101057033064,4,8,29.382406823075247
1.7129629102117037,19.822065761139292,1,18,11.76169200245428
3.3724093634399215,40.69229725038622,5,9,4.033589737430835
0.652911020052378,14.385882085998215,3,19,1.0
12.802974909468686,29.57685498008146,5,15,21.36121169997181
9.229631795503158,45.666086475063615,5,18,18.076992369425625
3.118359592594373,42.971162342495816,2,11,6.29165069644239
19.179715360607023,41.23503347033039,3,10,54.772948994061565
10.828364616939588,24.12704318312218,1,8,51.3118832972023
5.216919235201339,28.9012474717201,5,15,7.066546101866033
10.261769637516798,15.14730723501431,1,13,41.84822487650493
13.752596488334602,45.95114102168005,6,13,17.283873678962077
1.9866647504845072,35.19443983956367,6,12,1.0
5.856724393433893,45.438281617282726,6,8,11.625548677339047
16.235827072237875,22.44717623984364,4,19,70.88711575594027
9.463464972851893,26.221911431753313,2,6,20.005807510148273
11.15825426962975,26.710766863005734,1,10,45.31884745654984
8.93991204308465,11.28712048736081,6,6,37.75088557002982
1.3560488815385998,27.05239364153118,6,11,1.0
3.7321207064930406,50.16522867590167,3,16,4.866978502199435
9.188061955466873,54.86492478748693,5,12,8.694605313619435
4.579116575454592,35.910915781796376,6,17,10.177309298618722
1.4745910588637354,32.77508476096101,4,10,2.706419981684706
16.951168449010563,11.541230934968512,3,9,148.70583407615422
19.63325431870026,53.96021687926913,2,7,20.988191173207063
15.966286042936419,10.650510671293636,4,10,172.08267821944483
17.148805973241007,57.23750401051059,4,14,17.824739839386254
5.218554041182385,34.46081243440453,4,9,19.65129789992676
19.232226022507394,27.09672467873633,5,19,47.58351313900678
4.340051236841854,56.210921742133,6,7,5.330279716665021
19.05288130205573,11.219549655504837,0,18,187.69689237736998
19.898976232336047,39.07124474345436,4,11,29.848183056546958
14.378594712047951,37.44662622496688,3,13,25.179248388614596
19.632302769940527,20.966020060569104,3,7,56.66325158975013
11.606025701558522,31.44437156751053,2,14,20.177411270214836
5.561064771933761,42.61320029718851,1,12,9.793807395590555
9.021419770479607,46.356559844096374,1,19,21.482805562510254
12.074438239886327,10.03584293532899,0,18,122.68780478755374
1.9250904595267924,56.842671504550765,5,7,1.0
12.6356936600363,18.22626861964062,6,16,33.17352150117951
19.632967816864742,21.67902171111796,5,10,62.359416770076116
4.207099170782689,23.17367228469241,6,10,14.42859618303552
15.955604767623475,11.891006827601766,4,12,80.57062991707447
18.204026478702577,16.152606179516248,6,18,91.42002137648825
18.902181059994305,59.317496147208104,0,10,29.407637510929177
19.22264428590622,25.760836868864303,2,16,46.77778232268729
10.668462955068703,15.765054516952468,2,19,70.90718380741491
19.557504205834324,15.349563058731166,1,11,76.07046858888357
15.267549039121558,45.97299838349859,2,19,37.67189012767853
3.652593006620757,52.72843320163204,4,14,4.769355549054569
9.799552076125416,22.847614975423493,3,8,34.54977766781179
14.507457919754078,11.045475616761749,2,8,118.92972439203658
5.323136158472125,21.15450092226779,0,13,14.323403489414392
12.991996079203304,12.825784539837866,4,15,59.25729345370194
13.498709341409075,15.169746831502076,2,17,89.95471741723473
3.672645004267035,31.57540599238212,5,11,2.531363940861939
11.519163592828747,21.49591854308163,6,17,37.934815735511776
15.54672476408285,35.797293926271166,2,15,27.50309917216212
10.228465458450867,22.67468766285952,5,8,41.362216455673746
0.7360107771340948,57.02686505514738,4,7,3.6185566159859155
0.6762501470461975,55.29719839631323,2,18,1.0
7.462072207415238,38.3403052505233,5,7,8.467631466930394
18.560784334419747,27.721199599369307,3,7,38.86607685128999
4.959197202270371,29.057344101736778,1,10,17.03165925434876
12.8700919329979,30.592614157224848,4,17,47.2240123901023
4.830479478519751,46.3789661067472,5,10,3.4451196763432845
6.7725647983611985,32.581949775941894,0,6,13.154986520924119
17.036820747228937,52.83649732529487,2,7,18.764066577123614
14.712798124263964,57.20473929651823,5,7,14.517233365225461
2.360285907607607,26.797307668946694,6,9,8.466662923264487
8.859689409235456,38.034724068784,5,12,11.713279190702217
1.0688103910826572,14.752826841628222,5,8,7.790552987292218
9.877357858758675,20.02345238831795,6,10,29.335907681073632
13.417463228170828,30.673288335508005,1,16,27.81028850786774
2.8108011601639555,20.310135795088943,6,14,5.343218267650256
6.133256308728731,53.82802453943588,6,10,13.805689469679825
8.25781419729206,17.914312802954903,0,14,28.208572323068505
18.43085498079297,32.7830410776546,6,6,24.58247107595511
19.8684728007478,40.28496202299378,0,14,29.86760796876075
1.3757703304145092,44.59319540804222,3,19,2.6526913051944363
15.339654508160145,29.153468486325337,6,10,40.966852585069276
7.748619294845693,53.45495343623643,1,13,4.09761153654005
8.15293463147486,38.41595755389628,6,10,11.527737602133893
15.208166980266942,31.97538902237759,5,19,25.930456601776445
18.40931542683547,13.362031702601831,4,17,155.1319640210583
19.043107592799693,33.23447342225825,1,11,34.71239440939105
11.753890427747255,51.036792040786516,6,13,9.932829809295765
7.463862606359805,40.727050911065774,1,7,10.26845174376622
15.857207174246195,51.608122686455914,0,8,31.627808280594014
5.394526973614855,34.700583529965286,3,16,12.086179379725326
11.499443562253596,15.923085254724093,3,14,43.41097613281831
7.492279999735026,10.681992291794053,1,10,54.084342736456996
13.304305937303583,25.16097733592956,1,10,55.1073501495632
5.187778801423384,44.89952357488962,6,14,4.860968439143486
4.236062441829103,49.51299519708469,2,15,7.520591629961269
18.40566219017102,24.78764173101647,5,8,65.41265718525386
2.48517181751597,34.78269604416236,0,19,6.803364715799364
10.366179200831168,31.055945221704082,5,9,24.144789065286055
4.806629267778674,30.526139217571394,4,12,8.642801652491857
1.2591342848505152,21.567435660007526,4,7,4.482388653771145
1.2023669566828146,16.81855525147292,3,13,2.719228816113704
3.9168245560636334,19.834427911560656,0,10,25.212904443617973
17.402021912867006,12.766619358167304,5,6,66.16534935107332
6.00833550755202,19.90653709117885,3,8,29.537950578176307
19.033953826218266,10.460044881268972,4,14,109.32700266702422
11.841634713289274,41.362920031798915,1,10,30.029856132457756
9.01397670049094,25.818770369384143,0,13,18.408447713025016
11.811732276054364,58.65723557134543,0,6,12.667189817560754
10.575618511912221,19.685852538814892,5,19,54.99190782583145
15.29613694826784,27.291428515479694,6,12,28.28639630203398
6.008673286470619,27.89205793207666,2,12,13.802469206771846
7.384482636205896,10.422574803123027,5,13,30.938474536032558
17.93483889939839,51.96039765197295,1,8,30.933264849818684
18.955902006432908,11.599723007216236,6,6,80.04509249476271
17.90488543598625,57.00899173646207,6,16,17.410275659669736
8.679235882167616,54.60371755468103,6,14,5.821864564373534
15.717127308634193,36.77609580429818,1,6,24.842672594204206
9.788546799371426,37.179778745564604,3,16,12.825026627823808
10.202027116848992,42.68889614780782,0,11,11.1990117124695
4.491262126617038,29.35250059674435,3,14,8.02683707567994
12.027040913541072,42.36111416989277,1,19,23.67416626845615
4.1296500061902846,12.238419434424344,2,7,19.413158167564593
6.965511631810278,12.702381367486328,0,9,47.1462340416794
17.173088931588737,32.86152098097722,1,7,32.034248035751105
4.537978279611677,37.48111505530174,2,9,3.188407898167476
1.8875865608819398,54.39088201679095,5,7,1.0
1.845648055949918,15.233031695394814,4,17,11.052796343743632
18.845298149810603,51.13239635969447,6,6,16.883970812024252
10.384948540255776,20.50236686460348,1,16,32.98987179511068
8.483535400431858,29.704182425501592,4,8,29.42612555476023
16.31213232965441,25.830121741370647,3,13,36.70664523899465
16.79860559425506,30.00776364326995,4,10,51.165587391043864
6.97772514575429,17.52477490362928,1,9,34.320105524802045
14.025552120739007,35.178503720177744,4,10,36.3166158039397
15.536894909111789,50.08212949156837,6,11,16.507171934214796
13.265688393886112,32.07670051894485,0,11,29.12352576092184
3.456103958601938,34.53067879490995,1,10,9.295727584397806
17.57972012858261,52.43837926406571,2,17,28.98162504071821
11.01234377835217,45.30290573190154,4,16,17.068252473278022
6.008212314215072,34.522720425989235,0,17,18.722954731220344
8.791949616035032,22.884782409458985,6,11,18.49818174375046
1.232636262778694,54.24633734224833,3,14,3.4979935277249687
2.9934026238371425,38.85102008452792,3,10,10.798019686924198
15.428161635059286,21.05738050553467,6,18,69.19366864864053
0.5002268777296397,23.45598763190052,4,11,1.0
8.623033655404697,50.1566544468123,3,9,18.691316096846357
10.688948531168975,12.207278104372772,2,18,108.19994672593488
1.5653711900189597,59.604609351441006,1,8,2.3504271399574095
19.475024177960492,16.517583985739588,0,18,128.3733318602331
4.909443959368603,49.80342626984687,5,17,8.360203930500253
6.4318750329074765,29.738765838584143,4,11,13.875409136911994
6.426878988973033,34.61080916437334,3,16,8.324451915355043
4.993124911288323,54.03252887322889,1,16,6.156372541538115
0.5287395306830727,30.645559479460662,5,10,2.0840242687271395
14.72222348471593,36.874687683661726,2,9,40.689262123065994
19.353487246086065,12.464983120458497,3,10,183.87977865876567
4.873722924058379,10.117373693372658,3,12,29.095646035725963
13.429420240166737,22.239993650086294,0,6,32.02782973466932
14.966978375694945,44.02915464593836,2,19,33.26263577382036
17.04429489226523,16.063244667956837,2,6,65.37617028401078
8.741269341765378,15.688097940227472,4,16,35.61236683652851
6.40715265998837,30.548030401795163,5,18,17.55453489219815
6.843255113449107,42.39185193041133,0,6,7.772663548887422
14.396115995421,45.60359961239652,4,7,20.37469368079942
16.427199596859904,18.92253370491874,0,14,52.63340901037205
4.041472371253752,13.979407368602121,2,18,32.74929749173773
7.7333496590764215,57.01985169727721,0,10,16.140706282468393
18.087833836608425,23.033319128105084,0,19,73.94395966153198
16.230523634047415,52.66732488043619,0,14,20.81215810630585
19.704738853868278,53.17457252314092,1,18,28.529412748405036
15.207841063800576,48.62612958812722,1,10,33.695224983612476
8.167306420044484,18.441680332628504,5,19,31.60049612805986
12.017437762895437,51.09007296271002,5,12,10.12567584836461
13.389777957822746,48.462527962079335,6,19,23.112000630678526
2.029888418183917,39.83614950531086,2,19,5.219454403215085
11.117690702525369,26.860101758447637,0,11,24.671569801476753
14.331756155215887,23.125430213327206,2,7,34.629181243330564
3.7627654280206775,16.094460604017947,1,8,18.413382146792394
15.722318489798365,35.487853345043575,0,10,48.43793463421319
11.883569220025176,39.26304377549232,4,9,31.722450753286594
19.068324821103097,27.96694952578936,1,19,65.91246700955874
1.327234815034388,33.76795338404342,1,16,2.093375696790187
5.673859682331606,28.175722868463335,1,11,13.418753786115811
12.230300646346569,42.05030286603506,6,13,12.68167430053856
6.282918288015648,55.06296038982816,0,13,7.807441078670401
14.431271199389222,18.196013102347244,5,8,51.52774002408894
15.300603009177655,29.07044049515617,3,9,44.09058816656773
2.499061299296252,17.043430197543067,4,6,9.261735060349944
10.52016205203197,41.2471885203916,4,7,15.662637295487153
10.42336583402559,46.44352547442979,2,18,25.529860195156612
7.70097501920305,56.59563662987279,0,14,5.595076680640354
18.692034820108606,23.943596313048246,5,17,53.541515304298514
16.636373237527813,57.51056029327151,1,15,17.616290505045367
14.095582947237917,13.16313359103374,3,15,66.38619525764878
14.429369396832453,40.15069316822941,0,7,23.67809049423694
9.503464804355822,12.856635967166499,0,17,70.41390511840466
18.45939316138323,54.688709388097244,6,11,18.29898109095081
14.044610831439066,36.4904528535027,5,19,33.07155346490025
14.715130702288421,43.467417538139806,3,12,17.795318029957244
17.302972623853233,51.578696295522626,1,11,17.004286851960888
5.844395992172725,17.51553112419844,0,13,21.569609256677136
16.237882625400708,11.929578096906692,4,14,81.8959076217141
4.307191757651594,53.94405729564261,4,13,3.5058937979495983
7.234168068775313,25.746661372946626,3,10,36.19559193161083
7.044403858261933,16.448945396358262,1,13,26.300602553906096
19.58124663358824,33.42306185435433,3,15,30.97977943620713
17.202475863084572,39.91530378480094,0,15,23.8232950887733
14.172812301010065,11.548530171125506,6,14,60.99217108768115
14.677606851500107,23.744782912854387,6,19,37.11923367593136
11.460419490850136,11.6399937138448,4,13,57.63489210941076
18.96826800861612,31.01676945977495,6,7,30.259312636555038
10.17704568120605,54.75500145331222,2,7,9.936504201543674
7.920095342462943,59.13262057467846,3,17,7.844450249400346
3.6791890701660246,41.85237767518137,6,8,8.80534828512561
15.831010219090631,18.08188468922959,2,12,54.866124842856884
14.821656675474033,55.292469499965286,2,14,17.045823772339098
7.99492325122063,35.812391160003024,5,13,7.646535552024776
0.9912715722049725,17.687465605145903,4,14,7.062975164207805
16.86044789050121,56.08633347258307,3,11,21.66903430703875
0.7226506773544359,47.87345253615515,2,6,3.4517931107981443
14.222145702766493,46.58526363615758,0,19,30.312882544291206
19.420013639658112,45.45903518972023,6,17,25.44374912748361
9.034395898889967,20.016991054822114,5,9,41.1847068499237
5.081981397421079,20.550334585376305,1,18,21.39443112885004
14.244984695845943,44.41464992136275,6,11,14.304931344170928
16.433998769303912,20.986137505519842,6,17,54.357158195015195
11.155391163518022,31.93358484015244,6,11,17.982225993091888
19.35718786749485,49.10009127969707,5,13,19.41762070992192
1.5075400723302415,49.19762590489205,1,6,1.0
10.343514166938299,32.66308862629298,4,18,24.461920505110687
14.509851972789727,49.60949691376226,3,16,18.260123914669542
17.32148918740899,51.931089809902836,3,7,17.886424934423715
3.995484432201906,42.73878756421301,1,7,3.0987042100447364
16.10006789439179,21.42129261542101,6,18,72.34582061864079
11.277787976511632,23.700589019277377,0,11,33.1700197047891
8.232796798804284,25.742057770436766,1,19,25.148984215205243
3.0684430572923245,15.840205386697601,1,19,11.79204332418706
17.373267298723793,23.657981018497257,3,16,46.482789609274384
3.5668275595044494,20.475961215626604,2,12,11.123954471621204
6.5408632545774354,32.76643749043011,0,7,13.517283534237933
6.155887873267519,55.421877393613244,3,10,7.864331504533395
17.492573666721658,15.224015837697904,5,11,53.07596986708475
13.617708387073511,46.01339619736978,1,9,29.708456876617056
16.03528724523176,44.364150220656384,2,6,22.03539484849975
5.38412402645373,14.787709933167882,0,8,38.92416944824111
12.685044942336479,56.12862024529,4,19,22.455720682413357
11.649046671303099,38.42361010784098,0,15,14.715635606488387
16.740192347371288,28.186276056784212,0,14,36.453289417374314
18.16869767938458,47.82692917476533,6,18,24.664245488034766
0.7370570438090427,22.8682729200817,1,11,4.3714747833768275
13.643388421646456,44.67549185231602,1,7,16.404772326503434
1.5107980828347158,11.98556037861236,4,14,8.974749131817637
11.202743969008441,51.9704018804636,4,9,18.639045141251223
6.1088382163517245,32.408542351065925,4,16,11.797961076022288
6.482143690681753,41.83464571789709,3,18,13.988180370644308
7.382690817320953,21.061890990334184,3,13,19.485190474081374
12.615202756467397,43.8536856329224,1,15,16.667320150459815
7.013974330541,48.61201379466383,1,12,7.651769597462287
14.787631486510469,33.66065934421994,4,17,39.33907676057697
8.38828401869046,40.886346203089715,3,16,12.580776044828541
1.832887406044193,32.81629619111993,2,8,7.96287116861096
15.78331692844009,54.704568462892276,3,13,14.408816850982774
6.072287329557767,34.893459025715956,1,9,9.713578920995895
8.938954152185621,52.090435451440946,3,7,9.94064560711098
13.866155722827079,50.06760291351243,1,16,14.06043521836067
6.982895064399885,30.525241067417827,4,10,16.90575820701019
1.6034202948609546,21.504224592873754,6,6,1.8928155765140091
7.791460416749865,30.30410662798855,4,18,20.2149203953719
18.916747362538917,51.310868788761006,4,13,20.554488720208894
13.013820747321885,21.38162679096962,2,19,69.64997862437511
13.593843399010535,36.221817292887465,6,13,16.252129202833252
12.829501995933978,50.30483739803737,2,8,22.606073410900656
4.380346709709018,27.67387375641894,1,6,11.202479146406752
8.657510349994462,42.11048185013487,0,9,22.71639967913266
15.143326068084706,22.281578702440726,5,14,35.36745506102483
2.4767715022866033,15.463972268407996,2,14,8.326830576862195
5.918129133749389,49.719211254642815,1,6,5.496544168648763
5.888222615084145,14.948431170435342,6,16,18.339262618262463
8.924369088092867,23.569069753979228,3,12,21.598078050138042
19.617190448372607,52.755471099872004,6,11,18.10119861223605
1.8162996603345278,27.32346435393336,4,19,6.664349867186493
10.614669390421604,58.65226747570806,4,12,11.96713629798529
3.9976112992381037,58.986716738692984,4,12,3.8948288902379793
19.42819263549001,23.413801022677834,1,13,46.784992126989586
2.7094183421855518,12.048911112494523,4,13,16.938977875165353
8.370219546051029,45.253164210268956,2,15,10.35921544428296
14.888757204274821,32.54932513241719,3,19,36.76098249543206
14.238811346535183,15.037642197978816,4,16,56.63491679439481
8.74320841943168,45.37614094890214,1,7,11.038354502600729
7.257221275078005,11.55874545559606,3,17,58.643768612693734
8.253441381780977,53.50983452461211,4,17,16.237187285669823
5.653387131593466,16.932626455665186,0,17,31.869945838727485
4.503992304782596,16.36559393733625,4,9,23.758527291800256
9.919274102398354,18.783614898429228,5,9,34.05573685160422
5.736408243318342,58.01331792460333,6,18,7.717530261723875
6.105502465496377,44.6584680126923,2,16,11.427323520388816
13.306743237753862,50.06857677318184,3,15,14.592195640310862
19.386477968147897,29.88174928663765,2,17,68.8440371926618
12.270925410907815,26.815636375247777,0,18,45.24731007299989
2.001099607766842,21.724200339158497,0,13,5.417583991057308
1.973880470154306,34.03240141562045,5,19,3.6681656643277716
19.052752806488535,37.591436676708426,2,18,45.96994679185802
6.297170410993006,41.58874218263777,3,18,15.80047036860563
2.295306228608271,22.855925199934724,0,8,9.554204520521868
12.18136944943244,57.432704045149535,0,17,18.081750969343187
12.661151176660189,18.487924910356792,4,18,79.50047964167142
13.145843992314418,58.28265873832061,5,18,15.248601179265016
5.714339543222056,10.74280612537519,6,17,48.52855851874892
0.7946583421822632,34.05628459084228,1,8,1.0
19.3177997043622,26.668391905828138,6,18,55.03801703364096
5.392414390976499,32.456170696512544,6,7,7.868929517705
13.682512617024676,38.533228949039454,0,6,20.453257408751853
14.279282462634837,31.779457900635453,3,13,26.306161279668782
12.395144633049972,30.74234251507975,3,19,43.37274119920451
6.6016941871661405,46.63617077066533,4,14,11.169269036149474
5.786376948399282,44.29381375432323,3,14,9.350375419603537
12.154531512702711,51.663564101792396,4,16,13.692559045962943
17.388864855427986,22.49794906197478,0,13,42.642875691597666
18.961307714006214,40.47642548770318,0,10,53.338454315712035
2.5651631858732737,39.259739269642694,6,6,3.4019085295109917
3.519157945655537,28.486890543634438,0,14,9.929196758424919
18.922357046270054,34.30287709513405,0,11,30.15730430603389
14.862436952528455,25.689107165286437,1,17,51.42092406376026
17.718379584180575,17.09221988084926,5,12,48.70830267951937
4.451336365639191,20.69006053313664,6,13,10.215140530226217
11.957924486633337,15.275682320060055,6,18,65.02115189241084
14.172222091140736,44.15347875950621,5,10,28.696979336953632
13.762181766215967,43.03636965545758,1,11,15.397097496982052
8.458957971900613,57.53031857899364,0,17,12.274305858141485
0.8002003879805153,46.48392068236206,3,18,2.0055726232218345
11.867058107683132,12.602291937806573,4,12,56.64982571174751
5.435480014002371,54.21225869644771,6,12,4.45738832643337
9.279957799786361,53.13375814728629,5,7,1.5437023833280925
19.172829794134437,32.166016038634936,2,19,47.16524427482128
8.281188694027477,39.29315252639608,4,16,10.698829218078973
16.876131329956323,58.803916623625945,2,17,30.186427661002263
4.176541812110397,36.615218192408314,2,19,15.098280918811255
13.612979711488062,55.266091418804486,6,6,8.471011317604708
19.551635611559398,14.151937890509322,0,13,84.05962798648743
2.4869154670222677,19.55259343543414,2,10,10.41589265258294
0.6622388734302442,32.03774717206589,0,15,1.155440091067889
8.95486445633598,39.23784041686524,1,7,13.441316574422416
2.3061969195016605,50.81139259314001,3,8,5.172404964518286
15.093494818686512,59.41310575715934,2,11,16.458433605578634
18.333698945046898,29.442574823705822,6,15,30.413518913111833
8.963408967820797,12.370781807004246,3,11,40.18705557664025
5.544877022031098,50.05857516476624,0,13,1.6164426119431141
8.97086472062889,40.21903595414041,2,10,23.73382561488127
14.60723244807502,19.927142943410082,4,10,83.64884051519017
0.6765561508172341,34.741422831071006,6,12,1.0
11.994352794951595,47.11551227668622,1,15,15.969091168856423
12.459187855303892,48.520589353432186,5,18,17.35705856035481
12.934920814470743,34.9809205999381,1,19,43.57520415721786
5.219430559627106,25.260726506442957,2,10,22.82577254257399
14.424028105873472,58.687129101924675,6,14,13.598143187729129
2.28213398346964,43.168130547824646,1,11,1.9448393310135046
4.385771561102616,30.411875967314934,5,12,7.492245298241168
17.610665909762396,24.023161210232622,4,17,52.72070764069055
14.905101439168044,46.55514915017811,3,13,17.97269124495154
0.7680383032212323,22.109172279688387,4,18,1.0
5.343337077211104,18.58549944868441,1,10,30.039597495435665
4.680926418366709,36.491694448103516,5,19,14.422731548841965
5.7807233967209655,24.49936963220709,3,16,11.38124799965556
5.327415520457785,41.44525724618075,6,9,13.137430112590383
1.7192627669854919,15.896933743711674,5,17,10.19554982172402
9.449340073637996,42.74705522836608,4,13,12.233948208927963
14.78830275833022,24.16482639988511,0,17,53.759887454299225
12.33126863199001,10.012146721725637,0,15,76.25885928068571
13.620997537662555,16.34680288370882,3,14,52.145309867573594
2.0824089814566635,56.6807688917547,3,6,3.1073348720903473
19.05406884844735,53.367731955767894,3,8,27.830542804919894
16.850590759938985,21.680451601811843,0,17,86.49362530217566
16.199261210665423,48.91859522727456,4,9,25.4562438612861
16.548184198314466,40.42857965869871,3,18,45.975578517222836
18.687854908588847,58.545235572493475,0,12,22.416635518944535
11.112952339217106,28.680282976702955,3,11,25.611585010310577
4.405499348418704,44.073030625858564,3,15,6.683160810142863
12.527280353124553,13.17678612119593,5,15,40.53921525792824
14.98618912652481,29.8123673408203,3,16,29.79145645529214
14.889389170403495,58.190883059409025,0,6,18.882050719771748
10.668255971254162,36.949043722506026,4,9,25.17400151990515
1.834945027004772,24.39397516674223,0,11,5.383902397798443
7.736702299387493,16.013548156430343,0,8,35.53559689535143
18.45494886503547,45.17641700907652,3,7,26.55931982930111
11.896753740269807,42.24280217148634,5,7,10.37220638753122
10.997472893486412,28.69693568018873,2,15,22.652015693952833
5.742643530452773,57.547067593291715,6,17,10.189888399830913
7.684753938373289,11.110140649392516,2,17,57.65277970747925
17.9592487384868,25.186192581591293,2,9,74.71057543362029
13.496029426773296,56.05347431497907,0,18,15.680563553636038
15.85404702167049,26.04677191597202,3,6,35.21615978276487
9.359735749819276,22.61264169275852,6,15,20.226896929414572
12.789820779395079,36.71102049656237,2,7,21.610751778971373
5.343480370492546,51.1900874960269,1,18,16.311900984374738
14.256486190527982,15.157338043918053,1,15,55.425895469719805
8.838226007215077,57.15103548228681,1,7,10.467682000509997
9.129637538887538,49.7536440590582,4,9,19.227273555528097
13.161785329249192,19.062512777577595,3,9,64.80533228961025
18.75747211864407,45.60039805990813,0,6,26.592562669790507
1.748123758868108,29.247936131877857,0,12,4.92249250348528
16.58249312826665,30.114733903815935,3,12,32.491680562595306
6.201470653037766,49.16450462194332,5,15,6.443988220181086
9.156429362874368,58.13924039903661,6,16,5.640441997625532
0.9273099111126746,16.332793642359697,5,15,1.0
6.370398517769104,31.03151184394097,4,15,12.274168860556331
10.301309231287544,34.04708040421518,3,6,19.64859174793448
1.5954335082750608,28.81559084774988,5,16,1.9905974906406898
10.07636672297172,28.15945618581125,6,13,15.943041874634197
18.578657262739334,12.613433378079826,4,15,87.91413257170548
2.555167753102202,44.276931028131166,2,19,7.016379252865283
15.406594197472334,31.81072085600227,2,19,45.33943590636609
8.488585540831856,19.739690132196337,4,12,27.52427492002848
13.275887433224591,50.80167511510342,3,12,16.703615316104376
5.5746136607119725,50.128037407581395,2,16,3.959299504753182
3.6100991195564864,34.31958140444469,3,11,5.840896727204256
3.6290209782889153,24.922533057388026,5,17,9.784909331864167
1.8745929400413206,41.90463628982262,2,9,1.5259814288478064
4.120110745574239,24.407606788870154,6,16,6.031966171392922
13.452278007284882,21.8003965161856,6,13,26.57333168061116
17.69296693094841,46.52573270131633,5,7,17.09764450479623
16.375450869027656,12.016261986047535,6,12,67.48862161980739
13.860119042552439,14.738423551729698,3,8,94.47224049068896
2.653421336516502,10.339408701179488,3,19,17.90022024021804
6.139155202771022,17.64715932377131,6,8,29.977319336469996
6.541234068788145,13.449500435522973,1,19,46.5479998258675
5.374160454753614,59.79011838899593,4,12,7.943283798308714
10.5426103643396,24.44049849770448,0,17,31.378406523942807
10.943299390153616,17.463400633462363,4,8,74.00209447479241
7.459276515836649,22.049812899795896,6,10,26.366532043078656
7.398888595360503,56.80627857700673,3,13,7.195716695183968
16.656834159168586,36.00801115121978,3,19,46.00745409314569
15.89121054223387,28.240904815392845,4,18,66.17440260575614
6.50201871777454,53.669572895460966,3,9,9.923432811564952
18.318874655528557,29.749513527451622,5,12,30.67319258857257
19.079892831548868,26.75042849788479,2,12,42.91155310600527
6.871479569585796,20.364126127486777,3,7,17.516137682655053
7.41128650146457,28.889841195470574,6,19,17.3164900601702
10.359865991728197,25.8342178008463,6,13,18.19602131918528
18.851855844406632,43.865197964907054,4,15,22.329038853864013
17.588228946275073,24.479135233536354,4,17,54.03656988504255
2.500075270380001,38.859987321128074,4,15,2.796398390537473
8.158249493792617,13.294608251598635,6,19,37.67654202131207
11.29073820012055,19.564457834825717,1,14,28.318294622972974
10.31108321475503,30.37026358056744,6,11,17.294442609311744
4.280329824769407,56.84746269543477,5,19,3.8399517453065455
17.246927037779017,28.86259928578477,6,10,50.186038802694156
13.700345268438328,43.2037060599917,5,6,14.117461483386835
16.83921330961017,22.754361121069905,6,6,34.14942772487701
17.245903447314706,16.351678798661588,6,14,52.12632793465171
15.092939146481925,12.926830004002507,1,19,131.13913354555794
9.064606724369488,25.27067492713757,5,9,27.625819504305742
12.40566172280078,17.883051339845398,1,6,42.49964188695029
3.6271254193349916,18.70052240080621,5,16,5.16852364338706
13.6360856407607,48.0379654193475,1,15,14.781488832119758
3.9954384869159747,10.791903547243711,1,17,32.95411457445975
14.032017014948059,37.890506286771725,5,8,31.76126276577929
4.977164134702389,28.97306902967324,1,11,12.690575820462001
2.7922503529292895,35.32749999542736,6,19,6.52956011977979
3.72304755778767,38.14151186073015,5,16,5.937266570232995
0.5388466367718703,25.66838472286391,1,18,3.1515844366548764
14.51542254814384,24.755443009214265,6,18,42.73335361332252
14.781820456638393,46.67009246674529,6,16,13.072201078053578
10.541200323308558,53.563849406057855,4,13,11.707922462541518
3.6465746205799823,19.629081622926392,0,18,15.696641720605404
2.12930958145845,14.880938026757448,5,15,6.402773034950077
0.8730148455270967,54.889790319601296,1,7,2.1361997078165373
3.7320894508218037,27.494773182369933,4,13,8.089800482419614
17.87168293217136,37.565869533140706,0,19,52.7247536200013
5.209968413182795,27.977157226000173,1,18,16.005904527401846
7.408290880735706,16.290116817302565,0,6,30.41127389866147
2.554236947385997,39.4665822473864,5,16,1.0
4.83604544258932,36.25704258848148,6,7,5.127162627341934
10.624879130214,20.14967795955986,6,13,27.145464378131734
12.351177320365224,32.59345223261389,0,12,20.35170589476796
5.284370126241115,49.847375200782295,6,10,7.715932574967052
1.6257771048897856,39.52130515539457,2,18,3.8745070066860636
8.125140947984274,14.845866353349741,3,15,32.153395242435
5.066965733063515,37.40107486145675,6,7,4.561823332573281
4.781301502981138,45.136914964479345,2,14,5.96869559258463
19.217324652912378,49.63517028903757,5,10,33.58694716649003
12.517859475551619,41.45587893171334,5,13,14.24809246623237
11.35912964185587,17.632908227039188,0,18,45.5992430162229
8.607614518704777,45.50866332950803,6,9,16.60259933939442
8.864414501887813,43.86709230407582,6,19,21.42858834981422
11.047647574842577,11.221344147031662,6,14,49.16728384464683
14.080381237204092,30.587383379512158,4,15,25.373441890588616
14.191848875545674,26.647512348118664,1,12,29.761158850852894
3.8480312002562664,43.47060321268217,3,7,6.185211457078913
10.252198665494227,20.806790615546035,6,8,29.565869469508126
8.533182853164988,39.54359614871292,1,19,22.9914244179038
17.47527584225299,55.660298090708615,4,7,19.410649679876276
12.81266896375834,49.890118610430385,5,10,19.17342035688231
10.883829295111646,56.07288681082652,3,7,14.601924604001965
2.7501955224888888,58.9252983466345,2,10,3.1388803115158823
12.309938841806524,10.533506350308139,5,18,93.95322430036035
2.785476160764552,41.13706381887388,5,14,6.111014842050407
7.0755282235321655,30.641969887945322,0,7,12.508578451439645
3.2854183138794713,52.992724516756084,4,14,4.427923378091793
13.995436116975194,22.590735100456584,0,12,36.74835007866634
4.521916219804976,59.051474455753805,0,12,4.089720269098287
8.141257777166507,40.68539847718736,1,19,22.595483374007156
17.965658163566186,49.676870111441545,5,10,25.844295917431364
4.484169476279921,14.279977641138416,4,13,15.65049195877403
10.402198747196193,19.172894237943254,0,12,31.488927863070817
8.67579739273743,47.92018365171016,2,11,13.224571011770834
0.8534188003917298,11.09932610196618,3,7,4.2067301572241425
15.958783214669849,50.84389929468914,6,11,15.019657721555836
1.8463951731346946,10.697450934595572,4,19,19.35721619191283
9.747972909050596,42.85594195306366,1,7,10.453217102917602
11.433226751309524,28.254696011590294,4,6,25.157138581880456
12.754315903984448,40.57474263595996,5,14,18.42808768970847
13.928316771503575,44.80157034945569,1,18,30.027131400664278
5.438811478692944,27.12376095931521,3,10,16.667282383710415
0.6945861448397628,15.398122405541777,2,15,2.5537274920153727
14.607151415920784,13.482293387413282,0,15,66.22636910210151
10.945303687277782,39.44680112812739,4,9,22.040361647236733
16.80429521254135,36.032767686705576,1,17,34.98842563422832
16.517073076563538,47.110050456056626,3,16,21.82158782300842
16.94486027186372,35.486775500196856,0,13,26.785386997368
9.959345869601034,31.122289501543957,6,10,18.500167916172717
7.00575371881888,29.904358911811542,3,19,19.342561920154367
15.935384950531715,11.322345129883374,2,12,85.23102338948293
9.300235204070471,26.777860084832856,0,8,26.851874226743035
4.077122829866973,58.80100787622471,0,13,8.272932797142388
17.17199338144875,53.67777881135444,6,13,10.508802871324738
17.709917597060773,26.468903351710885,0,8,64.51758145761461
9.593040244733317,39.38977025331861,1,14,15.719829288979419
1.9761446825408555,52.3648372767747,0,19,4.478043002032668
8.06260875338016,32.063716837503435,3,13,14.942606342775374
16.168984359520763,10.897893187507549,1,6,90.37318865709818
18.08459355665146,13.725523090932004,0,13,80.19072339139765
4.4677184787031194,35.51963606743533,3,17,9.290767437410613
1.8059854344927948,58.47196878379392,3,16,2.3896541251916315
17.608333836090353,44.66047711094339,4,9,22.765807162347414
8.093396310088067,13.545809571928476,3,11,35.58266987606151
11.064338803217483,19.46804378959314,6,19,34.61760800449021
19.377283334989798,48.5661571608425,5,18,32.21692871085445
1.7980121943273457,52.071987997812236,2,15,1.0
13.142201145315862,40.884729309429545,0,14,19.214982802008095
1.945055740209908,42.22115848149083,6,10,5.51173885405891
7.821644105096757,11.416872519169232,0,12,42.22593508744144
16.174383631272214,51.426512979075426,0,18,30.152948690095247
8.952708538734871,49.413760408541485,3,6,12.795348740296818
19.945055901107533,22.951757205167358,3,14,50.554499019178664
11.401656056458743,45.43383599827535,0,19,25.863568338127358
6.762661976401093,20.742730321249905,5,11,16.934221749192037
4.792170855142686,12.016508052575649,1,16,20.676009777799297
7.335150418580155,20.056827129518865,1,9,34.871787932782006
7.764398838311241,18.931443837714973,2,11,20.292879355972005
1.839916715617239,26.88739983674236,4,10,8.886201519025107
7.706696888822076,30.922474858772905,6,8,17.884342434894467
9.552651134914885,35.4269445748854,2,12,15.258068548942981
14.593386168656691,33.83769377541641,0,8,36.70441595881649
13.306224952071355,23.533730298264466,6,18,38.43764057850769
14.320930276968507,11.458533428703724,0,19,95.3384919265351
0.6630917965987134,40.255081111857535,0,18,1.0
4.744514291820453,29.78724149236772,4,7,10.840184914344345
13.402843623797201,24.933607869377486,3,19,57.281080216772146
9.937792679505069,53.347052141525616,4,9,14.050762917175703
0.603612775532746,47.33716538990799,2,12,1.0
16.187645527420536,52.88827741862211,3,10,37.37895355999674
15.569786679161579,34.74913973562305,3,19,35.98665175592081
11.194173678374472,16.546562606338874,2,14,41.94690330892487
1.7960348526373062,44.81107180606362,3,15,3.6187616841774286
15.4470434658854,20.30368899685876,6,12,39.42124126560416
11.882414960761597,32.06148345458584,1,17,38.313541665364006
15.748219554580205,13.250039447444426,2,19,122.6830918683788
15.159066351718888,51.26542012114912,2,14,17.606329428360713
16.158540403177824,16.29703205237503,1,19,85.1318822391582
10.601157294890184,55.15487535246548,4,14,13.280309095105753
3.236328104773542,53.211530113077856,4,17,3.2089371771287896
13.587570730903929,33.2291382219623,4,7,23.43506428853368
12.599238808513427,47.21841021519953,3,6,15.345045135572105
14.9739371503822,40.972253690907664,1,16,25.45897839693737
3.8126796179893385,50.15378211688724,6,9,10.239099179790143
4.30201639805564,31.590255039295602,2,9,13.094016174236632
17.862985585776904,49.2904242122175,2,18,28.41941304962977
15.124567069815381,33.1228408532574,2,7,26.249268453101447
18.210455529656297,57.048289392139694,3,8,23.846753893100978
15.294948762696453,34.31860504125738,3,8,40.01529504848669
12.144528466810886,33.13096359668648,5,10,23.863643272934045
13.255588372043537,49.25359307817563,6,6,14.550022629046277
17.837994516830193,51.078884588041895,4,14,20.147855880687793
11.78673171298284,37.72445571605854,5,13,15.423950616747458
12.831630824403554,18.98989067475377,5,13,33.72337116185792
3.551295962070211,33.38791154787897,3,8,12.892223773375067
9.741463792264003,58.40362514548392,4,7,11.359147024198855
14.46974368318293,47.64930965195926,4,6,14.80444393544429
5.783382617169126,50.55813019395661,2,17,12.293670005180783
4.443956520228431,11.641274940962006,3,11,23.364071504185038
6.619622760376103,33.39297313170799,4,18,14.425357867942457
5.209262245860252,42.331056682877765,5,15,4.711571475411507
4.690796422209719,51.50163418140374,1,6,6.387201184034662
8.784591435927695,12.463682679138573,1,19,60.90470283647194
18.202851020728914,52.62194428209366,3,16,20.649863772790482
10.387663111405006,37.42004683709558,2,10,19.999253862631395
4.164447425898799,19.865698528802994,2,14,11.99932072732876
2.0009475529270446,25.862760822485,4,16,3.1113064206973857
14.075044830189542,24.096477587578036,6,14,27.08617669851099
7.9645759065095625,36.54295171442379,3,18,22.497299046860665
16.525703458414505,12.584283995556591,6,17,120.56781343477763
13.360459988495018,17.926807924996176,1,9,58.4052849408448
16.026708285556687,50.63465216878912,5,12,16.832252091738212
5.802947768659751,16.630199537340552,4,19,32.39577144487841
14.000998987990634,21.66981347290635,5,16,30.855375789714284
5.649208701527516,32.66853028020786,6,12,8.588307144743503
18.811835349280685,35.85604440566652,4,9,63.209184679267935
12.9092984899008,48.18052398070793,0,10,20.708955840667038
6.827980103419171,32.36662133330939,5,16,11.051797746169363
5.755481314699317,49.49323105177694,3,14,7.718448850827141
4.223068408897048,40.91731535227287,5,12,3.7069399077317087
14.045498698427691,15.654986971191123,5,12,44.478502689478525
4.764954453459582,17.81657191964193,4,15,11.902355889419272
12.108413685586036,31.85168627248854,1,12,24.932467884624693
5.660383025044468,29.84446965445198,6,14,6.715576751215753
13.408394423480438,47.177213481864726,0,10,24.167525010147198
16.391324706540516,39.036856989867594,5,11,21.81283558184576
15.671492241320736,29.406654050112465,6,8,36.06909228387181
15.336600953150244,18.538014172519283,6,6,40.17900776396488
4.160586910998916,21.341855116274758,1,16,13.387299826737259
2.2235064661981148,38.77505092345295,2,17,7.907924443703905
14.129502155504019,31.171940244989624,0,7,27.16648582630978
7.682770668989851,35.7463754430336,0,13,13.25505189653822
8.930751414865272,18.533871765111684,6,18,28.507304580299856
1.1074073094711259,43.14531261722829,4,6,1.0974890472671053
5.56174076086346,52.62693704279835,5,15,2.3813000163341473
1.1566898755520485,22.89697533934503,2,12,1.0
17.644122565724327,34.57571129159133,4,10,60.05159332077158
5.246235322761344,58.77636645104509,3,18,9.555496601100137
11.368074806673658,26.662087027536383,1,11,28.10541469925782
1.260096752892043,39.752317246188056,1,13,1.4824770158686724
13.503524130460333,14.50978501001222,4,9,83.7624477020598
6.79903324220483,40.30075012397216,6,11,5.6889379560300934
18.009424145674483,14.481588665230895,1,19,112.56440901880796
17.8183046842137,57.961771766191106,5,16,14.22148237812903
6.843167058054082,45.78313260361557,1,8,13.265365751734011
18.068737465964123,49.40798940678532,5,12,14.167655866910172
19.92507463322619,45.20521803858184,3,7,25.576808972799732
16.595605450416986,39.486451803823286,2,17,36.93501176811603
16.974991281226966,32.49563905427527,0,13,29.566348501662297
5.355670354127254,52.91866898805312,4,18,9.916519481555994
11.745696777726248,57.84178337715315,4,12,11.372573822467126
1.8114903223636731,34.95180864520407,5,17,1.2146350918593842
2.3508997680225594,56.5767524577631,3,17,3.9735698279277893
19.978405934649167,39.166645499425876,3,13,29.34269337331466
6.869465363805263,36.91920934482166,6,7,12.225189258059046
15.089586284952505,32.724136647767835,0,8,36.56630885740805
16.229968534022923,20.46438807650599,2,17,57.917906781124266
17.23145378464097,10.18598304090296,4,9,159.76042049675308
19.95375179934205,22.07531134280306,5,17,54.88788618272804
5.209181462508923,35.486158580178255,3,14,9.020298792283338
1.2868411237641442,28.99799761298763,4,17,3.6581241391209502
8.518234600894427,32.42426140013169,5,17,22.993486283070403
3.0365730616644653,59.03241097820248,1,10,1.1538025073790887
0.9373048386600749,27.513618533466378,4,11,3.4305612619536143
7.528323129258979,32.60914696800539,2,6,14.352168968158097
15.78289589596711,16.675777567640978,5,9,62.763665066465165
11.540523478888883,12.397886621849382,2,19,87.76030242688763
6.599170789601904,48.770475729624735,4,9,10.217008138097599
13.259669107108035,38.53415875359893,1,15,18.646645189065673
5.024354516021809,48.03524030219475,2,13,4.039976831945272
0.780438198405658,17.49313994432758,3,13,3.5268720738378168
15.404891035510333,38.591438559134545,5,15,18.570007363493804
12.662990154848178,22.682123717068777,4,11,31.754182014499378
15.36490117776872,21.403090845000996,1,13,40.866847488721604
1.2592913254094795,10.576300702649263,3,14,5.221693730331899
16.823832742697718,16.517036178453594,4,10,112.92406137976253
12.580760900707915,25.46340557498477,6,6,23.582081726350648
11.486209338896483,15.843938029546951,1,6,45.16029732680178
12.679973938233365,59.292922020546875,3,7,18.160532061192797
17.3564483139331,25.43163242619753,2,7,40.91276858238614
11.945261877898687,16.51619733511641,4,10,68.1877056489261
11.828532407819496,19.954115641397888,4,12,35.293137291595315
19.818243562782435,39.385161417073824,2,12,33.949618370904
15.256238257837076,13.202176193239426,6,9,87.96414803583264
9.124729206297138,53.121706507057844,0,18,19.015137629866512
14.29424150064209,58.07498396185736,3,9,21.72983801754287
8.089994197989874,22.337371033369045,2,19,34.59083249927352
4.96307151842823,32.50476342954297,4,19,16.832078968368343
12.138611599311309,11.106722551474853,3,16,67.145753349655
18.599550913222053,42.035511236361074,6,15,20.76058671147996
18.618220640301523,30.696302902629444,3,8,68.01403534744082
7.167152923057062,23.502923305077786,0,16,17.686315804683886
10.789710591323052,20.341855530830422,4,7,34.61201462756907
4.626900022112293,42.70115388293802,1,8,8.00597933620957
19.914806635228228,30.810851551615723,0,13,35.73499193428911
19.631799203424748,18.9829644514956,0,6,60.621493570250315
13.165424129295223,44.455454074341205,1,9,29.896806789481786
16.186074163710728,38.25361415183468,1,12,22.33444975678676
14.444453145032151,52.93360274647481,6,10,16.212495668602664
12.06658527126963,15.873794943824645,6,7,38.624566970976105
1.540285941283505,49.28333009722281,0,6,1.5412186639518684
9.36790467977689,43.67583934086295,3,11,12.383888618794758
13.658332892264506,15.75054684140489,2,18,82.50707132008904
13.71186647073185,44.74103649358604,2,18,28.160782172271695
7.77589105923648,32.07736444399152,0,10,25.601309090197528
18.862993739831595,57.24923927779216,3,8,27.003093299197552
3.7634621286172294,17.080567530894967,1,16,11.94497048053599
10.257009201203433,42.1416695407869,5,16,12.880814956741506
13.972237542741045,29.0990022731473,0,16,28.680993676963435
14.09414821489028,57.84073352954389,4,14,17.9245373497531
13.148459656991903,26.498744764513823,3,8,35.4342302047746
5.868120162311273,58.109295474590006,4,7,8.07434941897129
3.5460280893891283,55.07429255503745,4,10,6.0995084687555075
12.900836373120862,23.519161765532814,0,14,31.469784946151112
12.186391264719036,50.177088841321385,3,13,10.918470533634919
3.997442200640199,59.780210090175295,4,11,5.601076568624527
14.250213338625985,22.633150108564116,6,8,43.58808701910985
9.3758538388063,31.838858466165984,6,11,15.414085654345428
13.521331536261481,36.00903682833798,3,10,33.97230995945545
16.828658055517938,24.746556790193218,2,6,39.10908711513071
3.8097043572500016,10.763241982301487,5,10,22.0364977946218
0.8733249259383152,21.006462209876332,4,19,2.0785018565211613
15.692500434717843,24.096844217087924,4,12,34.86659959060478
12.38909979047601,32.17998506590936,3,14,22.713217425096325
14.142971607631374,18.55512392067009,6,17,59.56141856355389
16.84402201227853,53.66271783458363,5,6,15.16464351839855
16.15481322907776,45.2455566365668,2,8,23.75416178094809
19.237942865112082,14.260023877983098,4,13,80.23115630397002
10.950734037616305,42.50462255699657,0,11,15.708520349146765
10.025664836868154,42.68282382028102,6,18,15.929641387453412
8.336800397869236,57.81105868218138,3,10,14.003411799899986
3.4969753354619884,10.151043567808063,3,18,29.00332559858224
11.665841041199437,22.396622490290362,6,15,24.307504959960582
5.9017442243565865,56.389573968765774,4,7,7.467873425335069
18.465496488153022,56.606695769914154,2,8,24.142389948034015
11.872220683403402,46.02932096853187,4,17,25.293025266834327
12.060383519908148,48.288166052377,6,7,10.67042005545186
7.421030887101695,14.574147896482355,1,6,33.65375969371841
1.5137923635652961,35.693791738911685,4,12,3.015176471149803
1.119003424773278,21.57914956444997,5,19,1.0
8.75503531098735,19.060902180680863,6,8,28.197220490179387
2.1490248728961383,50.51516495616663,5,12,2.5517061351170174
12.333515633032713,16.751906834027373,6,17,68.42099080973422
17.67897360997332,33.43258184981926,1,12,36.23146463588686
17.716838922115084,56.92891197930165,5,13,14.415520463185098
13.351385497578532,19.291602778267126,5,6,30.11503708699288
4.619020713722155,58.89967118691173,0,10,11.516643646307722
17.328438211498007,59.71439928805295,3,15,13.85219259227162
17.77882198860756,37.78085773412015,5,14,21.094923271781973
4.334744906582695,18.507137008857896,3,17,19.299789277748594
14.879808672528206,25.80524439704478,6,16,25.880239126361932
6.087131204078897,31.224641633826757,2,12,11.569234559178794
16.15148609088213,25.466211217911145,4,6,37.78232118033101
19.94613904812025,24.03177899382579,0,13,52.871049387181046
1.0855071039231599,58.611485460817875,6,8,1.0
17.99863438292317,17.668241370787282,1,18,100.28239356075775
12.641295405173832,46.666395435843114,2,9,25.863750829662724
19.480961073714013,10.020514471958744,0,9,228.2059009492204
9.567685591765338,39.809133470118844,0,15,15.780522760541484
17.024064646141788,55.79715019770262,6,19,23.031210179960297
1.716684337666406,24.39670470466095,1,17,7.839937730299084
7.0379414765267665,19.276298762885958,1,13,19.390930191243797
1.8068224861485944,42.58398974392135,3,6,4.9181418753155555
19.519191102841877,45.63007036491966,4,13,23.914719448545018
16.430991191800814,44.40152594759907,6,14,20.535403494305115
17.124674714296425,25.965844001068703,2,14,38.27164147517006
18.79032201296094,22.610120107966544,4,10,96.92917419539039
2.1595179793358144,57.79593999810221,2,9,3.7007035821614345
8.019153054010001,56.16497541349647,0,9,7.770465374593703
1.8851803363580415,32.86583049464102,5,14,2.0422792987690324
4.6104654802255585,52.30969330771867,5,13,7.635304709288435
4.972632652234611,32.6161738817148,6,15,8.964942907233562
9.647590615427784,31.21945090362552,1,15,17.671311426688106
5.736962265346031,17.83814737996473,1,17,31.5901740517733
2.469073082946341,31.32030282459864,0,12,5.293739446839721
3.7660762373351,36.87084692999035,0,17,11.309448339859415
3.371873489265773,11.125216371434323,2,8,21.90566994928882
19.474997559289818,32.20565025877032,0,9,64.76978787707412
15.306203884910236,49.067810919760014,6,14,16.949448923085917
19.371348572756457,44.002302818713495,2,19,37.23910711665209
9.074939486904217,41.75784944319675,4,18,16.783227841028843
5.9281853924218035,55.477771421860126,1,13,4.686235016360483
16.066717345579143,10.901600491261501,1,17,170.17332536143658
6.861951401802362,37.852379309611706,5,17,15.495726664214024
6.337975787254291,49.367442420485354,5,6,8.865522547406202
5.033866848052709,37.06676913506336,6,8,6.348485369665163
3.0287400753725895,26.194777629018958,1,19,7.457940592895866
5.501029689826936,16.812528254598895,6,17,20.375096907714575
7.42873509524081,54.37815359080957,4,15,7.718062518240623
13.642887058841744,33.53811961938015,4,7,21.741351162352647
1.7200144232793058,53.90575984928507,3,7,3.18903144864146
4.604885323474187,39.292606121658416,2,18,8.655898884295105
16.27596098568769,43.709605830750036,5,18,35.98877360607427
3.3649775098835297,50.2130577189225,2,13,8.218670552557397
7.18158035718917,42.95777723000672,5,11,6.8364242945146945
17.360848976233733,29.902742033946886,3,17,45.013717665636996
3.5210435672971316,35.68166919643255,1,17,11.260759164271828
2.1133682945547028,50.15227623379399,6,17,2.746273408647541
9.948490904060211,28.68251481864921,2,18,41.52077623676037
6.39718046993146,29.406072838424855,5,11,13.101008515191605
11.486463107435155,14.784505802900057,2,9,77.89433744309754
16.174195364427767,55.72922176108739,1,6,15.28220822845434
3.174395518978492,14.551815747272087,6,16,8.009981450078257
11.823632148808557,42.410458872427796,0,12,16.37277879974454
10.357420827602347,30.659723940139884,5,13,15.511560438084167
3.3095363272573914,30.280969512772117,0,7,8.287422181240652
12.667970467815158,43.977591828634196,3,7,20.06827010541548
5.835988148285047,13.354686631493937,6,6,23.75305806440123
10.012769211608244,39.68528914757173,4,9,27.701471457309843
2.1043103234027067,48.60158929861774,2,11,1.0
9.461889115665649,51.41063789432971,5,19,9.786087546305511
6.476037626834996,18.526519469688765,2,10,38.77598886414084
16.53643361811441,54.87095250390868,3,9,35.81679445582566
1.6110851764486815,42.80730459237211,3,19,2.5663131856837773
8.662841860907434,54.09274004103414,2,9,9.284851151109864
9.439412770563042,34.26403585550992,5,15,16.995196485206403
14.637618487832816,37.101667254860104,6,12,17.526993911514854
11.698607714259115,55.95191385143356,1,12,12.320276299868304
13.51064057528653,54.99547716773359,6,7,10.859215119892832
15.652461070209245,32.408043668450105,1,18,32.480578551689014
17.31295798633468,23.720631581784087,4,12,45.59591296646599
6.620572186088175,29.65852172821321,6,7,7.216956603366369
10.991442754596108,29.388216426487485,2,9,32.20337111606252
16.882107529564397,24.3433437491397,2,6,42.1460955785019
19.7942970538186,23.428980216648327,5,10,51.95816661012489
17.84562656535338,53.05314682398597,2,6,19.678418512326736
7.743611621175347,13.493096034233083,5,9,49.94511431829193
4.305747085763683,43.88055910497971,2,18,8.402785546093618
10.04315447942848,18.641002572822615,3,14,32.67951854428246
14.962008310802824,27.22529466970316,0,18,51.66625866959859
10.105096879689302,13.077151706741843,2,17,60.713563180278626
9.922026834616535,23.498681842773102,0,13,26.568235545367187
16.84549321109511,48.42105355586211,1,11,25.748095485861803
7.547373691810134,54.25076622736293,4,13,9.479319895720122
17.26599615882709,21.076357595118353,6,10,51.95534382700048
8.43269361855861,33.17739196294609,6,12,11.406943345842821
6.900545560727618,33.51620239686032,1,13,11.622687726445694
9.35280326839413,53.67876528798671,2,12,9.660821865573576
15.367715694159935,48.139952643790274,6,19,21.317582176580636
2.9570395433478884,35.65386091840249,5,9,1.2792387393861153
4.330174709504339,43.53736002358867,1,10,5.574063014877938
19.053174100430294,52.36775269546834,3,18,31.543332814504307
3.9220867339364687,10.476947701277247,0,19,39.10858754519539
11.570682699655563,30.14450155250243,5,15,16.452828395232153
11.796632099907788,55.362158363853936,6,11,8.201407386154981
10.047677009979774,47.01565154219757,5,19,15.227789815568503
13.072532347247963,37.14206871670373,2,19,39.46316559347042
4.98162115305356,36.48222635175667,3,17,14.20484411470995
11.27691422164659,27.388504880221888,0,16,22.564228311800647
7.757378477314495,36.026026682075724,3,11,14.447523528501247
13.402511562769186,42.76915997317266,1,18,30.524716942059417
3.2538590957764146,30.918151921439655,2,14,5.895601564343475
11.632109628369786,45.7076573196087,5,15,13.745456391600444
4.112771929974812,53.061611363019296,5,19,5.635591328625601
5.93353973074321,17.73424240924306,1,19,26.959996540951916
4.764841106309873,32.57735114087122,5,7,5.83393071747081
4.065336707441934,30.401004564254055,4,11,8.79897122127161
16.601363555433007,44.37324020248641,2,18,34.84406069622909
6.071297569387362,22.49337326289647,1,8,30.148691267195368
18.57891374635676,42.012545747613814,2,19,38.36963115117216
19.41356724423122,53.874462086574404,0,7,21.566611616656175
11.639579163773398,30.906579989681134,2,11,21.384568020427615
3.288521891981665,55.550784998961,2,9,3.442759925765149
7.803690745901834,59.65818694667392,0,10,12.65493538189839
16.055779135290173,15.304602497397603,1,10,93.92445040028959
7.664119209592874,21.652659399242932,2,8,35.40375862768845
2.1968357569043806,57.518987574104656,3,17,3.109834737805056
11.357305763099665,57.91638432406934,2,9,18.465294310581474
16.979856604172678,14.885363769337925,1,8,119.41735510394538
16.020564549298296,10.749925018856834,5,12,70.87420847754078
3.9149012325418884,18.055001162821114,6,6,9.519515179261386
13.618909981043101,59.800639169112415,0,11,15.40698249318529
4.799833136995119,18.99998083053434,5,9,23.242292956702745
4.755046923767359,35.127380336101155,1,6,8.198688272597952
17.54439957945111,52.42088632152555,4,6,23.402404744546942
5.368544578434488,11.020080534410317,6,10,43.42506205866599
5.633323257101218,40.224449112922976,5,19,13.25118399791825
0.5127411198453413,23.851272443481214,2,10,5.52470634613118
17.478046165447594,53.11674582198658,6,15,14.537046308217203
15.955598857578128,24.17305746320396,2,12,38.56077625690352
12.732914234268222,44.33778601409544,0,18,26.992502941227066
15.130182396807424,43.71098162236984,2,17,41.03829363371022
3.46494706477759,21.074677442982,6,9,8.828973003882961
9.437310094457722,11.739959993417505,3,19,79.81889575343453
7.348778053301228,30.462478689269865,3,14,11.644891064123982
2.3286422620118215,24.459657598293486,5,9,8.614582402009187
9.97954446169102,50.44888748068543,1,12,12.195081330230419
18.45442318168139,50.018209422767264,0,10,39.12240368778573
1.2811528214885424,32.85119760963127,4,10,5.865766992691836
6.1834878131289805,40.32561126616095,5,11,6.725799398788104
4.547048256011218,40.21297579934626,1,13,10.999635569788524
5.143859746481078,51.35790742138117,0,10,5.449287932915413
18.214473761647817,31.250120706159876,6,8,38.867397236988985
9.627346557568657,23.772333989525453,0,11,21.814563548325285
9.592838552326466,23.251745907027374,6,19,24.305535786232095
15.331225027878006,36.809613964110206,5,17,40.874262430239426
3.512597978096053,32.45741013661063,1,19,14.870624185720157
10.00167440495099,32.00603854924681,1,7,22.196082405068523
8.884711675360665,14.556866954485361,2,17,62.12999720607043
12.139758465659794,45.93018703450978,4,17,26.27495378179668
19.991375213383552,20.686834399095535,3,13,61.03702673685534
15.504253434599919,19.847681510436068,2,13,48.865588412575754
8.258381208839829,30.637916013869674,0,8,19.563455978196565
16.637284519343915,21.38891708089007,4,17,66.30000639212207
3.8288130845933637,39.19291336540077,4,13,3.9584603354981436
1.0940418830247225,28.573166966723576,1,14,3.792200815005968
4.486743263053325,32.44558612963951,4,10,8.753232699991734
7.138025344228064,36.85846608020144,5,10,16.145565579450782
10.456324770461418,20.176776124090242,4,11,29.67399024264448
12.495018240553396,17.78758114327649,0,12,42.87385427307127
18.256811485681222,54.02109514368024,5,8,24.94173886910956
10.442153186233925,31.686185141571052,5,10,23.74599431685086
10.274875070201723,30.604680481626957,2,6,22.037278753172895
1.4797386915481516,11.780607513642074,4,16,10.589443315872302
1.1807752767963642,34.898815129369666,1,15,1.0
11.247619257369255,37.70848608055,6,10,23.234971981472988
9.044482958342718,37.94204354773332,2,9,26.283765959297437
16.864017702115824,45.35155846614422,1,6,21.390049590544276
3.633251901880981,18.874091749550587,4,12,10.096299038531471
0.9869474112824672,22.61115671153094,2,6,1.0
9.256255974637455,50.536523261520635,4,18,17.929024686845516
5.130831856669021,57.3585308421697,0,13,5.574020272583147
1.4674802801073303,16.79663736836603,2,19,7.777362396292236
14.629666593528764,34.88247772526091,1,15,25.04753032086201
2.6760634991663257,20.708812636979342,0,17,13.182332987545406
12.362230250151548,13.003658417749122,3,7,59.09570144048378
5.980470128254338,26.275166906306772,1,15,14.77316992585697
3.8831729819229297,17.18438125921064,6,18,15.726066739194007
7.90515469692669,45.496653671712316,4,17,14.417282668893648
16.128192636347595,36.68627068357222,1,10,41.24997901845511
8.145824749639168,17.191723549515544,3,18,39.96795202858983
15.140008159615586,10.462079420275717,1,11,88.78381349383761
2.9469827875834382,50.40785245121064,0,14,5.834191037565846
15.569042683469043,18.809720308212377,5,19,47.559954325549995
5.1201998356796485,40.310832111038295,1,12,9.28631823856689
13.70916603283302,26.846095653837278,2,11,31.89387596457859
11.532740319399428,39.274296915751776,6,10,25.625803099694693
18.618321985627905,25.782681349116203,3,11,44.81974191153988
8.052789100518623,14.346978034612707,1,19,46.32073435943237
1.7902211822715888,21.147500427887678,3,16,6.780558988065948
0.8735319682494316,19.40292832395378,5,9,1.1220820114937138
16.623741938968685,31.400967621982193,0,6,31.20783328776778
10.732344934397927,42.91418917130787,2,17,24.533767090373466
15.617259010781511,23.190303747317877,4,14,38.79935919966141
5.071299200224536,10.603496765030897,1,16,31.81190434893934
7.229133037508058,35.94686821323785,0,10,19.281304599120084
1.0870255081207194,40.2879744679486,3,13,1.0
19.249100329195187,58.14352470009048,5,12,14.8588376798821
13.523424180665861,39.473540154662345,6,13,15.054205475640206
18.69749921130647,33.55862796890709,3,6,34.8412390494807
5.677179944866911,38.67008129488519,6,14,8.696523463130585
12.423540418900387,56.39503149310135,5,6,9.246414476089608
13.730749381706437,51.418907280082315,6,8,25.761000534704387
6.692219155022975,26.1489366681904,5,13,11.510589349934042
17.038130082804788,21.862718182856863,0,17,76.84140630823477
18.96964852655483,23.131680618303683,1,16,50.15881205602417
17.754674795072084,35.22105198576065,4,6,27.84633917276828
14.911806030817765,47.20247256142889,1,19,24.494353684024873
5.910561254636604,35.160960359148106,2,6,8.179519472224191
5.9915128210598185,13.389819791405628,1,11,25.277551410567565
19.28552624869774,46.17903502199905,5,10,26.38335957622664
0.7005476707459946,50.29850643354769,5,16,1.0
14.462974478221817,24.474893255985982,2,11,36.19343585024471
14.271800169827612,43.20628696416752,3,8,37.63636342757395
12.64244604852105,31.329595052719668,5,15,22.25883973811363
19.807122498693882,54.45596778637214,2,17,31.359378135626347
6.581648997392642,52.261277908036995,5,15,5.219684933120117
7.12945134396834,36.27159991548211,4,11,15.866341117525474
2.0393183574578333,44.57527729067972,5,7,4.902297059890715
9.134563662602881,54.167485051105196,0,13,9.568905075944139
5.590446261579538,34.78585050391378,2,17,20.7279062764748
7.196040692464062,25.6625370244411,6,11,13.954640790421445
16.77414990998474,47.68330689547906,1,18,32.03171381370405
18.741948013786168,21.003312739234588,2,18,99.95321850394842
4.12179490410112,29.4265574003021,3,9,18.551734484942237
7.763924165292584,53.286361855339685,5,9,15.809216232859972
18.608295961250185,46.22111701346575,2,19,34.852749589437636
1.7052649834398412,30.190550262374963,4,16,6.984231540271267
2.301030298171881,20.737225120417868,2,12,6.3449730527564885
3.6744242895214727,27.798419541611825,4,19,12.778490771248677
12.106650265474057,24.20520746137165,5,8,40.02692830518014
3.4342092846169505,18.804464397192696,1,16,11.982379157380041
19.377489438289302,47.16664567828283,5,8,35.0000919215703
9.210933281541147,22.603494342508576,3,11,26.217003078108878
10.279600226828244,32.70837350838819,0,14,17.550367913306555
5.309843008205426,29.292972341805452,1,6,8.883046285108886
9.683724922477303,59.10386893178154,1,10,12.568755489537503
13.407315836421725,29.554612207411026,0,6,27.19188800403648
15.147954170603834,13.99912413983774,2,6,65.10197734728091
15.200427612843304,14.491287628604201,5,8,91.28787099150276
11.768876697534722,39.53768606765324,2,8,23.872896421109083
18.135015612380215,39.968177586913285,2,9,38.26159114846483
16.43945302246913,30.937949524132748,5,8,46.24681917573939
15.262438236623195,31.592184615601482,3,11,28.383655744211197
1.5843076727689822,12.69662914204356,1,17,6.133538978732059
0.6341202632831616,35.827325519463116,4,9,6.705027302151672
4.642721905311722,35.23697376901758,0,13,7.340529726902396
13.438710081312319,17.477465927847227,1,6,47.992617690680255
8.518351033209644,15.19196930554638,2,13,32.30841937889341
8.34692205633658,16.178624529974524,0,16,34.1526572105932
17.74944432047747,15.051412324562925,4,6,72.45080792771067
17.963475538570854,40.48540977683799,1,16,24.447937071498895
18.22891764904492,19.82413262014593,1,6,51.26211713108526
6.620622492043032,22.57150760937317,3,12,17.97646097847391
13.975588348415604,18.678607207571986,1,6,45.88707262097326
5.796847034850208,57.89176522242515,1,14,7.533393835151
4.216891744951771,52.73087315759177,4,19,7.526348071532347
4.1003329182737,21.524741867576044,4,13,10.142098758341753
7.171098606840084,26.3783146961063,0,18,28.12182991167917
8.884173585706524,20.49464211524986,2,6,24.905016957520278
16.70350883557383,34.59379797304119,4,7,25.70847099713198
2.837876322717886,10.980526623712679,0,7,14.08161349318828
14.831054024200437,43.56840044483979,1,7,21.080811031186084
10.863370826691455,36.15790749088208,0,11,18.654040195679663
6.1149341821818535,54.931946415055165,0,9,10.217367583015486
10.10998189839008,18.219634216420708,0,13,33.83786048195241
6.348870360651942,50.205462303056585,5,6,9.026038045723062
12.123598127146966,49.59805072333579,0,15,14.109846515806838
8.959956495677261,16.359059460844346,4,19,49.54892510693159
3.705907817038135,29.92796120720638,6,9,10.37877217208975
2.773369953836086,18.507632057225845,6,15,9.37684377667549
11.160565800406538,22.736025022877445,6,16,22.169139870116894
18.097054149079018,23.16230874152722,6,10,58.35462106893707
7.207174887874868,37.81181970128864,5,14,5.182576092351973
14.793502090841153,30.570546588023277,2,10,38.34156429713085
13.343896421325455,57.38664020031527,0,18,18.78527123255148
18.66532082903488,16.318507097350256,3,16,65.58296663974984
16.509129837333248,58.68460674250994,6,8,23.230021305951343
11.548802548656528,21.5319320107132,1,16,32.171552404694594
13.312094715565092,48.64369681909265,6,9,17.672322405543884
18.01853609838868,26.94849630864107,6,15,31.44640298943676
8.29061629944523,17.154069770865696,1,12,32.04689855887615
6.872496764226659,52.894459262312,5,6,6.851406826853248
0.7108161308863286,25.443044961823162,1,16,2.977709158552591
16.617745946733553,42.94277021134211,1,11,26.839729091190147
16.119123657865615,38.32218425433133,5,13,22.163619595180542
2.536863102952952,33.58781546954371,1,6,3.9845616510764215
11.748718932087655,34.790973632426955,0,13,16.555657745778415
9.547643114254305,46.611895704614376,6,12,9.089330121540334
2.8148273624276734,14.388645706172028,2,6,14.648640815147825
19.62108042768411,43.40903309789526,5,14,23.655912057974827
4.686569805535431,54.79060506992894,3,16,4.397409204960315
1.8110665117659424,12.889409850993207,5,8,9.359946819771555
12.099523900287236,17.032666961683336,4,7,42.8779366618895
14.907900204094137,45.83159683510157,3,12,18.284595152214347
1.1326471979201458,31.86408241223088,4,16,1.0205266907709818
13.344993955176932,30.177431040684418,5,8,36.89842614316549
10.879691581053361,16.848331727211793,4,6,39.72925276821162
2.513667673063444,35.338502035889405,3,15,2.1561173501551396
3.8642156004540604,16.327265559818862,0,18,21.944436511454644
11.57549879766357,33.83102281552702,5,8,22.92643127615117
6.278973463509123,48.18076494808283,5,11,4.04382550195258
18.797156708700662,22.913217894358176,1,8,61.80912802653077
16.465434474938988,34.039308408986365,5,10,44.23755440630484
19.679560527016427,59.600798469841784,6,14,22.131316732884276
5.563581359533073,44.33252116770186,6,12,8.765384987955688
19.409610839560553,52.06783856525993,5,7,16.142857095064112
8.909060460935379,30.742380328027288,0,6,17.807973362742615
7.276616508618215,48.39304615629276,1,12,14.079339843364144
1.4818157759023882,12.025458647066092,2,9,10.970477956969813
1.5289225282622512,16.14555912711225,4,16,3.141802329584078
13.994219490959766,20.153529646003108,3,12,40.88289104491715
9.429615391463544,30.097596230760978,2,11,16.768653925908538
4.917171707704061,52.28724391628816,1,12,4.427360164107858
12.472420973342036,27.313302539396524,6,9,37.15634157890837
5.430733305877168,42.731059675773146,6,8,9.79851676172516
11.76381920971624,45.46571474017417,6,17,19.139772788307265
7.504570566162462,39.30911770441707,0,10,19.47243080239822
16.559268418930472,27.86209840850681,6,8,41.05924384504691
16.503575134952197,38.85266708567721,3,19,40.61053018862216
9.808332763386826,27.11327963948731,4,8,37.22547941291637
7.340972632032804,14.193686927600604,5,9,41.37295220203485
7.569916032902343,59.64019890930072,5,13,7.877331093777316
16.21143325053025,16.359122681625546,2,7,58.2161127824915
6.899499914553434,13.617419191802867,4,9,52.08060404046901
4.576657787283497,53.92653746035779,1,16,8.031402548287787
2.1514226665684832,25.091733044644755,4,8,7.802091870643706
9.600515857245965,42.51484870367538,0,12,15.323736322648543
9.901575928936916,26.450286483111643,2,7,20.02674570184508
16.89771985285669,29.57271353972356,2,6,36.19095278955176
4.814154580698247,23.105648600839825,0,15,8.729057210903314
7.929329836533798,27.15220028965051,4,6,14.463948694494086
16.263911908426973,30.535020029327157,6,11,23.767481615166666
16.560660409604985,46.020803454617145,0,8,36.10012664545821
7.99991598158598,35.576809711739585,6,12,11.986919454405408
9.452918454090277,57.17826085784885,3,13,8.291285277386226
6.414074871561017,12.094019691938776,0,10,45.79855686832569
18.684820129176586,35.1534161316014,6,10,41.93230044009364
2.813553431960816,39.2112394415859,4,17,7.9580936953291666
18.708113748528664,56.00984930371369,6,7,16.888306049512785
13.835395810789192,12.457926181071379,0,13,70.48750114605343
10.865656977391259,38.6749792467608,1,15,17.156915718558288
1.1368516852976696,52.68149642639785,5,18,1.0
9.774125740529161,22.09638640596183,0,6,29.19796105208299
8.45108804755328,53.814617426196875,5,15,6.723011401661633
3.64376683351489,10.952170463714591,0,14,19.75153006644814
13.299987268262809,46.62273145668649,4,6,16.043203824597366
19.43744269368157,56.65566105843265,3,6,18.92007344867514
11.46268181575824,42.85988308200311,3,6,15.2036070597218
14.437688890656943,31.951462199022398,5,12,24.730692161609838
1.8347838250373272,12.244050823635902,4,9,14.544509668302183
8.644506418431398,56.005690666131436,6,17,14.761112998292555
2.7689904607076694,33.514811134578736,4,12,1.2590662166674034
12.449518792961953,11.4498372167974,4,10,118.88229550292209
18.800402085176014,44.4910535664381,1,17,34.704382299155306
13.40466578319695,34.09186267881291,2,19,40.30387850421766
1.9976594421312197,16.217265872120535,0,12,7.548734224976629
7.415990997209115,20.71359046551298,4,15,22.76922634769813
11.237935899096605,13.224534022792314,4,19,79.80626875982426
8.362551244598418,38.71467698542868,4,12,16.725763547920984
16.756058204265862,41.101473962600465,3,9,35.61366573698716
16.386084591844792,35.287114917772215,4,7,26.82162486202608
12.430704892012818,50.85510665013074,0,13,14.823669550830708
7.782429930087752,53.050441065400676,6,7,5.569080224004267
5.479059288383261,40.78121983415633,6,14,6.490778935157546
2.5645492051560215,10.637823985371528,4,10,18.075559473328994
7.420504827987804,44.76148278738678,0,14,8.388666847015978
8.556864085550531,30.899960846017578,1,14,18.21022460353259
13.678547039529436,38.277874161319346,6,19,18.230458190039702
13.334116573802683,42.45403010094422,2,13,22.370598754828396
1.8671087230045105,27.51183071635384,3,13,4.532718319484555
8.207556650907577,55.85492525858971,0,9,14.590860692820046
4.044687910738557,16.69874333748906,6,19,17.38048151919692
3.557847753677711,43.57559036405187,6,9,2.110528671606256
16.632391919876294,10.217978997829022,5,19,139.69473019632437
1.3173467259670217,56.23255527025904,1,7,1.0
8.674066080091366,15.625206661904574,2,9,44.78706850400095
3.7799712874471045,14.744211507378733,2,9,22.722642587400678
17.646939205730245,26.65038165261221,2,11,38.319683658971954
11.362290008863186,28.67831430195403,0,8,43.21933745984135
5.011922409348537,20.71500361614393,1,7,13.182617542596486
10.29733209974434,39.25608304635624,4,13,20.196837938668814
14.763984014210758,32.145704902098174,5,7,22.283306309419796
19.18330117392896,11.70877945205437,1,13,99.54906729711865
4.79869708278567,25.982603112765034,1,12,10.9777514733976
17.78054455652223,50.52164567865852,6,8,22.49599594915315
18.71893022626606,44.48507674309343,1,11,21.136730622369555
18.370200618375293,46.243542678994025,0,11,27.176354399651185
12.890579958807242,44.90584620417618,5,15,12.33517796610045
12.7815027614768,25.548651069151664,0,19,58.37735489050484
8.362607347084545,14.983196103838793,5,10,48.224623698628626
15.171758704923864,23.6233592016548,5,18,41.83118968201357
10.860233357843173,51.589265009257964,6,13,10.21680964620362
13.710042388951742,59.023539889153554,0,16,14.74752149384085
8.85492912505151,34.692350737078065,5,17,16.07617486207097
14.76418104884121,10.485017746152112,1,10,107.56685921780607
16.577194593288706,17.002240606711453,0,12,57.62842059035672
3.3555070037549144,26.10402876581329,5,11,4.742410880003468
16.742129453697448,38.92926742964749,2,16,27.92000213458464
11.035782369910992,13.754682290265698,0,12,48.93526650080396
16.970985227259373,57.16786493549408,6,18,21.29461339182824
8.910383273649785,28.254183664220037,3,14,15.719670835938594
7.891289464969183,55.629210896241155,0,8,10.655793199897804
18.34368428408584,49.026090137851085,0,15,22.338057616836917
5.397800717193825,47.771863625779055,0,12,8.461033602923266
16.962140343079792,40.3359789891116,5,18,25.057914538389095
9.93840116393338,41.33919085259223,0,15,12.233057881774208
10.524861129749565,41.90016176081241,3,8,22.32156492180527
6.515131489044938,41.4360693512791,4,18,14.216682076902126
11.674322912070807,37.686411569918064,0,7,14.883410928463235
6.84161832738612,59.32070092414445,2,17,7.711858205145928
1.26575357771222,46.614528371284806,3,12,1.0
5.8039728042149425,48.84731941962606,4,9,14.17306525522097
0.6243913464285182,53.62314075418371,5,6,1.8365981344170224
19.577918347608705,20.78198813629246,0,11,54.58498783391871
19.332070591485078,14.190207954753038,4,16,80.98332665998659
8.205528300709949,34.144721829929935,2,11,15.492843550685295
14.703231659623096,35.70403478096366,3,11,25.84941672775944
7.243218919003287,51.45908899749588,3,7,6.376226963080681
13.586316563176533,32.189178964116785,5,6,18.411536531991167
16.205885839396593,38.54265127721564,5,8,31.974155976885363
18.961746771498696,36.353546925672916,5,17,45.50711117938896
8.304139379068605,11.910139187869554,4,19,59.54246990469808
15.77431066764293,40.7607448298457,0,7,23.677078344991923
5.685604787326317,51.40216428871261,1,11,8.826663175845585
19.811479923976144,17.87502740379019,3,18,119.4272208777311
1.0025071759048472,39.716586696329784,1,17,2.562931755858325
12.268811726771858,39.68052722232072,6,11,15.159431119429163
13.360366642200878,18.20924820281794,3,18,70.88240159899523
13.916888362945512,16.1731786865368,5,10,50.508478115146104
2.847557786387236,59.002597148824236,0,15,1.8516068925096414
18.801330777726044,29.685958482651877,0,15,37.34478383087329
4.033073941476615,21.371086436176462,3,10,17.334561334803734
12.6436913631769,18.566227222718748,4,14,41.185091272399724
4.842183542900156,43.38008567916175,6,19,8.342669986679478
6.490720131914783,40.47226486636394,5,10,11.957468246944305
11.155941563698425,42.177606149370874,0,18,22.748391708563805
8.635271662009242,14.400301375572614,6,15,27.952738784157994
3.6243992190418726,54.676729174921846,6,11,3.3552068379023945
3.833259847206542,29.463319840452414,0,16,12.852908092213816
8.653823369174594,25.668470321517894,2,9,28.94442499498466
15.267018076372263,33.11807236238696,6,15,21.28461816456108
18.01031061353188,29.503303287381414,0,19,43.565036159565146
2.1404894140579653,53.178850156957296,2,19,3.779904055932149
8.16552619740832,56.463048759894605,0,6,8.71010478844715
2.4547884925960943,25.17266082248031,0,9,10.058222466468532
0.8235533723356587,53.19679037299774,6,7,1.0
13.403514311557155,49.07615647665336,4,15,14.863591110996099
12.247764118348462,56.54038361723809,4,8,25.859808913937798
3.678872719390281,22.287515609294392,5,12,5.117471778070451
5.05935024531475,38.84795750604896,0,12,9.577096324100955
0.9623011960681085,23.727229237022232,5,6,1.0
16.781470511040872,51.20472452421871,5,13,15.42926603041953
19.506466622946753,10.266209528553214,5,12,90.33154186911857
3.141460967496471,38.240958144319805,5,6,2.943061475992481
5.0137666684233135,26.9601715635959,3,13,7.946710377583633
17.433985716965214,26.134185353891013,6,19,49.84280262493753
18.566044060145604,42.24531619324585,6,19,34.494848108009506
8.682733964732801,52.5742224656997,3,7,10.189499743324255
1.4871382092469454,40.45976956966631,0,13,1.0
1.2681407570099783,52.65864893233612,3,8,2.256931731381926
11.692022388345704,23.2298555940515,0,15,26.57643134083057
8.16145462341699,35.97509273824906,4,12,15.436398369397274
1.0587223377642632,32.526826953353805,6,18,4.690408522648633
11.873421650094857,10.582244975154811,1,11,66.21664289503721
0.7203994634859382,37.840607157037006,2,10,7.032665125570899
15.853753183910824,43.07621620730875,6,16,19.187331845516564
6.4754400427157455,39.5957202209535,3,15,9.295895155346866
1.285031058680026,46.813994939171074,3,19,1.1846027367323677
11.97286830917149,38.56697642265385,4,16,17.063939854028323
8.254846081444565,13.337512742537847,3,7,35.95369002988091
19.489108060464414,15.822276204235571,0,7,73.68533455414295
11.111873918822193,39.823728877197624,0,18,31.829417023594928
5.867164030221661,23.74895959868201,1,17,19.84336614506282
14.334057860362508,13.98225645173829,1,6,64.21912209398837
5.7940940495828706,31.480137172427337,6,19,16.517080780361876
18.13274418244752,37.716129904182765,1,14,32.540615886207036
7.807078424893841,26.43729941748033,0,16,18.454107602977274
11.222436974136002,46.021685111288896,5,13,13.798297873184957
1.4861755245724628,42.18853040506223,5,13,1.0
8.8093641400685,26.640918054583597,1,6,21.04471589382988
16.7310890233894,47.74362644542803,1,10,30.533450499150067
16.21015170458517,42.43475212665177,0,17,32.50812361848182
4.874211897643762,41.87226893589511,4,11,11.997500705610236
4.908541884705972,37.6713850393534,6,7,5.554570712678676
16.437453588158117,10.56948340442764,3,15,93.2725519416796
18.64276919330185,44.825359173844454,6,10,31.55321133634674
2.359537964823569,28.802089555457822,2,11,4.837772098995055
9.276143468811393,57.13048550793278,5,14,5.750783949391202
7.080358439802465,50.899238553860265,5,15,4.683576625327124
17.478424881420068,39.38472347656561,0,6,28.230161315069676
2.128735836260366,22.609099090963472,6,18,8.028097681186205
4.616955879881729,20.18586966388333,0,15,15.39609118764118
15.17313258293664,27.019241883877456,2,8,45.412147870954534
1.500230055133704,33.82839717900093,6,17,3.334872492118281
10.104439923928641,24.803275501947354,2,14,24.469391669467836
9.121087176254541,35.74647476962414,1,19,24.03950052778637
7.020822990280599,18.268521275659296,6,6,17.719666310363106
8.194160148719014,58.885640641274996,2,6,7.645096848930636
10.833841445139543,15.396227748249693,3,6,43.224100602019384
3.646663488573471,56.5972069827186,3,12,6.747317166147965
11.653919626530058,55.67890057013474,5,18,16.62218233986407
16.205930421349734,36.268024090974905,3,10,44.485406990757554
15.3231381309081,46.24551359180422,6,11,17.289730353471047
3.501048141528587,31.80241489862939,3,18,12.20339340786848
3.4103646599587414,41.501728877121906,3,19,4.441924881420444
5.72940017102581,27.028796871055935,1,13,11.294629666852423
7.5409571636502255,25.057950989272268,5,19,19.313468482101204
8.464883837465411,38.91148930847568,0,18,25.265405017596816
13.754095728250233,34.90648370919902,5,7,16.329411002286054
1.6052684272337903,38.97681845749905,5,18,1.8037400149558491
1.1761177324082945,24.33302906435115,5,7,1.0
8.142255977406226,28.347891590849763,2,8,23.40720390197901
14.094691996690619,14.194898031445465,0,18,96.08342253372233
4.2719891876514104,12.613818613610286,2,8,24.543326900571202
13.009337384496908,22.67285648365081,1,18,62.34681372211152
5.56664868983584,13.712342966527288,1,8,27.628844510440047
17.77867912186357,15.188735431737035,4,9,128.76340572809394
17.965953913199023,50.646420269696854,4,8,40.97126920540476
6.297100483485867,11.943684850834465,1,7,33.19146391249076
4.98487820228319,42.94713969673714,1,14,5.876339070807118
8.52042745529151,23.627887440770024,2,11,20.636070794768237
5.1903659110129,53.57728403540632,1,8,6.024731535462539
13.611484944188222,34.249614228874975,6,14,21.232938100507106
16.608261348691567,25.27882296639129,0,9,74.83252158806566
13.62529655276873,35.88194678447172,2,9,41.694374559780115
16.574833721362314,29.09790095226344,1,13,31.27053745639467
8.241347163045745,38.21505323349151,2,12,9.425157445233088
3.5481809288227866,15.726643416317412,2,12,15.061825394018069
14.890043474253046,59.849525140627556,3,15,12.923826280399481
7.529252850260301,31.277793884835877,4,12,16.11106350465715
13.589781091968083,27.411531985368434,2,15,28.629718908649956
5.777556868644431,45.510492415813246,5,16,7.678592123333807
2.083977878730117,28.194970324766622,6,10,4.464580755329531
19.855345012011387,51.663715251437885,6,12,20.346990342810926
3.545929404646686,32.71353621802126,2,9,10.414819291492687
19.77420938228788,45.977920663271746,5,13,19.174647436867495
19.55695868504572,15.372660822094328,6,14,60.1544945933412
15.979453026206773,52.30595927775559,3,18,34.663919605509435
13.358747760598952,46.785899338905494,1,17,28.63420853104578
11.767237479896151,20.585838923098287,2,8,66.26762986968298
17.388980134867776,17.264300487289333,3,12,59.93342779509026
6.144070671580015,25.814617436281218,0,17,23.493952245465547
9.619783643455103,58.80352930159522,3,15,9.023086295799498
12.578104402646787,22.841578728352932,4,14,34.19528347079976
8.518214279455076,32.80636044733166,4,6,14.083441264106733
8.835985854760226,11.501011285866817,1,7,48.07476156216891
6.940551016290646,29.861376478311627,5,12,12.669458934804583
11.502520425348452,38.56600077165514,1,18,29.980237866239648
17.086203296294762,57.65623062539825,6,7,15.665804090462514
4.4298033711231,35.83680224700322,5,12,3.750120936624285
18.72144425569211,50.955366308884386,5,6,17.959145239598737
13.937209248090479,37.35638212844503,5,8,31.713829171557038
16.55382764726059,12.039250671775905,5,10,105.14525617213516
11.345718506285227,25.7504137594887,4,19,41.565575546934305
15.700575677769239,38.777475391555164,6,17,26.75777387093541
0.8159077481196106,57.52969829655622,4,19,1.0
16.458418283200935,52.95651798756167,2,16,18.21515226429148
1.282707752164647,21.41778070894238,6,11,5.260792069603151
17.853310839075817,21.005491500958176,4,18,89.75847026576818
19.843273571153546,20.058648355695038,1,14,56.22810384390377
6.234315512447168,56.124944815125154,4,14,6.197597558782977
4.601211847572976,52.633307655086035,6,8,8.926730074943947
15.424585595231793,48.744171612647435,6,19,22.70271359902196
5.434013647944938,29.63675571121138,1,13,9.055400912318218
17.37846647185797,35.219035214938344,0,18,40.741549358853916
2.505430547070796,33.216587239757644,6,9,2.2020400178805857
2.956126329397486,22.669905377968632,4,12,7.371409428895632
19.593455324462003,35.25140230743835,1,11,32.11912066085363
13.639858516265091,11.524827392637723,5,13,58.11464502245661
17.01430087636458,16.59051867487296,6,11,50.188968542768244
6.824422858354601,54.32947980844732,3,9,10.442276359088986
13.691433115651787,47.583988351571165,5,7,12.411798416298375
12.087715632517645,31.143420452954352,2,12,23.565626587884655
12.261427342397466,35.857518114193866,6,16,16.85001535164932
13.809382960985571,28.499944297998873,1,18,44.13935668823976
11.719503876017422,47.03899335803362,5,16,11.344213050814218
8.866716201401985,49.20935896160398,4,9,17.400742345943385
5.880492540420663,48.164259510157954,4,18,15.671364065067419
15.48733595280744,46.130586241722476,6,14,17.39174239345321
4.912312385062131,20.22521693463979,0,14,14.584638241779063
14.000908970011077,26.89849896202394,3,12,33.18293836780539
5.04999004166187,33.49227174918374,6,10,13.700465430171368
12.69393831411185,26.539649571382782,1,8,37.311899045271865
15.068026209016065,47.74701000791645,5,8,30.868342959260772
4.764920833677515,26.467676212497732,3,14,11.079688086532391
1.6688943667955114,16.91160433926686,0,14,9.284642180587952
3.0539879883863947,29.952022602415205,6,17,5.565375080573237
12.316940861784996,58.99572163911902,2,18,19.544246827584644
17.064204921401842,21.294070646678794,3,16,52.284049729328906
1.3774380140907752,40.60793294716146,0,9,5.628430279591409
14.815949551312102,31.648652491985317,6,16,23.744039491383067
7.1557135960260165,13.55122838246633,6,6,23.97922416790072
9.831303213430688,34.39383029990297,1,18,26.34987127267028
18.612761221988528,45.108216432415624,6,15,17.22485680663732
6.973444342348986,35.66099879139094,2,10,14.360262292184217
9.574070211819977,53.605303187329056,6,19,8.885349438750472
0.7668070878332816,24.446850832879132,4,13,1.0
2.091175040094348,14.312458565198245,0,15,6.383778623085018
5.542536027128288,56.828280582900305,4,9,11.744976174940696
1.0431186960109509,28.90981747641095,6,15,5.306769241244628
12.811818857940894,38.82027757268167,2,15,21.75434167993966
8.81476795763164,49.600156306509795,0,9,17.51531528905693
11.18883145319643,26.21568319377903,0,18,49.75066025080644
3.905620124978426,45.808226908880556,6,17,6.361525957845857
6.270674574014015,16.7709424908914,2,19,42.427957635156055
13.44457725962814,24.564687360275265,1,14,30.2404342419954
19.323403110792796,17.235531806825996,0,14,64.36248122296301
1.4831270852430793,50.56152792006789,2,12,1.0
17.86249425667769,21.13246176133927,3,15,52.090150503562256
11.749183425568566,45.87017777026051,4,13,16.96192747250756
11.496431551734663,57.16491986228263,0,17,14.659864069297651
10.255431436551326,36.388610453443846,3,17,22.269858853363402
1.8531846751315761,37.001459613034385,0,9,6.6413970280776224
2.2525986088551333,33.0516784048906,1,13,3.7854098553301974
12.217784110352179,26.294507169682138,6,19,41.078363805392286
7.1486921429933865,33.782751546245855,2,11,11.863305875215547
18.386727298264773,40.14037661333797,0,18,47.316036782687554
8.42851547850971,59.29957860853297,2,8,11.02006979634182
3.293988444701501,56.88822796591121,5,12,7.050780554323271
14.437017253289703,53.10764791465609,0,8,20.879977843549096
6.220391718099692,54.456526785242914,1,16,5.841328099108905
10.746670993439917,33.392459164602144,1,12,16.499083587504238
14.107739317350816,42.87221635887324,6,10,25.032030552164134
18.055150168440374,54.75333614681071,6,9,26.655345715212803
15.947728298632684,29.647538249567653,3,8,45.511059115020586
13.68904082351812,58.08812391727344,1,13,13.422339998506384
13.7528470567053,30.78930310345915,2,9,49.148777556290995
18.945530558625688,40.05413326966078,5,13,21.0502739783753
6.2685699011824525,45.4902356636186,1,15,8.952554453800577
0.5216858368256545,57.52960065379692,0,8,2.720102021178935
5.803113908264875,22.230813702613304,1,15,14.795256852808913
4.748881902721508,47.30654891193211,5,18,5.427518977133767
13.405774409722964,36.040779307204104,2,14,21.77680418323388
12.857376195427817,23.427857031032055,0,11,31.92073558957851
12.072496962742115,48.83034198981953,3,10,21.255070400850244
0.8167471425843471,37.611114008692326,3,10,3.082259896065596
14.711172061787625,43.04869103248379,3,18,42.19816486090632
6.808843043467085,26.14505342889505,6,8,18.993386673262773
13.468591785629306,34.06369759138025,0,7,22.856687295432522
11.35327935579199,40.86771254940335,3,11,16.938578898818424
7.183253045844189,30.2455407134922,6,16,10.099718814674162
3.124237208530101,19.918626992385065,1,6,10.780507050417029
2.3411685043793784,58.0820246157652,0,19,2.8562543660396718
16.71460749568836,35.57337700213087,0,12,27.687574552670124
18.40875207059038,46.696018514385024,0,10,43.35757938695812
13.170866911903842,30.552359677802905,4,9,39.407134906283495
2.5169652397794255,27.756588201285815,6,14,2.3133084830977753
8.339530729320694,30.35821492335625,2,15,15.541380106149377
14.714314402050565,30.45983218928249,4,6,25.78004550259312
15.706507238196329,37.209005797097674,4,16,25.835321915130518
2.8052631346762276,37.17349349906816,4,9,10.29568783635835
0.500599017484957,34.85769079414358,2,8,1.0
14.386672394671798,16.739289245871905,4,11,50.28285651062313
7.45362543173101,34.80377392502656,3,10,16.730064703174012
5.462385966556075,18.455195021032573,0,12,19.828289876175113
0.7515006608957461,16.306789314788258,0,18,6.091308697222865
11.035838431849244,56.632285867058386,6,6,7.25949304803941
17.097439340806645,40.24750065738522,1,18,32.09709869173938
19.173817102315464,42.97450290622921,5,10,32.011392250879545
11.53202653695914,30.089683516668188,3,19,45.36497502973333
10.531995890927936,55.44904459574321,2,7,15.986827118750588
2.1585995170402015,41.896524478983274,5,7,6.114231584642465
11.203019630080695,48.45849347617937,0,16,11.898783389518083
7.9095920398251955,28.42812345138569,4,16,15.010879996585354
12.33913797722975,58.00059404095627,6,7,13.600457660714342
8.08016378359266,51.02306450791575,6,14,7.39350160507419
5.185832907282151,52.69742315072718,1,15,4.365604082703372
2.351822866953342,18.609713371287715,1,8,9.934514429343496
6.640909669483467,23.548160393560977,0,9,29.179020445251354
2.3845742686111695,24.281329984178853,3,10,8.694517985644497
3.9494905410676866,23.545461162343557,6,19,15.722855109095258
19.753055092301146,52.7704081052144,5,9,34.59572628147821
9.160019359679064,11.594239760429605,1,9,86.67649810155733
10.871499446847823,13.804999449038714,0,10,85.76408849610476
17.535561310375698,23.695743531495186,3,15,46.291064107352895
19.91359355956841,19.99364873247218,0,14,61.825208637293095
11.86293176222129,21.59298069414242,0,17,43.631353094279916
16.343239510361347,49.897159462665,3,14,20.00440786624144
6.875349974565168,38.15632969460235,3,19,16.028599768640632
6.462007170222177,10.2885330646484,3,19,62.665216988302625
8.352722559393925,31.466138285209762,0,11,18.13773831332636
13.613891622136158,30.394246342517945,1,16,30.211220689994512
13.802737940474426,15.697263472227176,2,17,85.34180788459487
6.64716897566429,43.80708943007286,2,19,13.798637222817934
3.0975935206642595,45.104859418974556,0,8,2.3656753468874476
12.831727001077416,46.044660952604886,0,11,15.523858530005246
3.0023543126809082,46.4235472779296,1,15,3.7434149152783838
11.780603910471937,10.00264134661484,3,9,90.22467337966235
14.021731497098026,57.696040192336106,0,8,26.888412768107344
14.161924179691807,50.71043835273315,6,11,15.77914874623854
15.192706157862137,55.19908482946426,4,16,17.342109590648704
17.52075872053046,10.782164765371707,3,11,97.1674818003847
10.249200343313374,56.69293978928697,6,7,10.044987817527296
14.739859195826638,50.48942643440523,0,14,17.464361013765643
12.573868339633815,51.86095714793493,4,13,17.651964546744118
4.13947882605481,14.664369236098427,6,11,11.959699227352063
1.0009480749534592,46.938901445929886,5,6,1.6800085362217554
6.048557020700208,57.99583448210455,1,17,6.412683359623078
9.139157273583578,43.92736707090803,4,7,11.699668139722244
12.533565916358798,38.52807023123032,0,9,27.822167500354748
17.074206944812506,57.28148388744985,2,12,17.24237334321902
4.32679147577023,32.1468560867218,6,14,4.2500949600704105
2.9482209030203035,39.96467831552393,0,15,3.0377115149916767
19.287858975749387,33.816914674718305,2,10,46.69960310061901
2.6068689078399387,56.642311068014955,1,15,2.522639597019665
9.83057586709019,13.804236338275363,1,7,44.298715422982255
11.918492711469387,35.055985041267405,3,18,33.743295059736234
11.056801207695045,44.347622069271914,6,16,15.585268036875993
2.1776270621423923,49.59532692111185,3,16,3.091786685208906
1.6120248230705776,39.15093237220682,2,16,1.0
2.5569268354901955,55.4458872060727,2,6,3.4332728235427123
11.918959835515944,57.09957234419358,1,15,12.423602508621792
11.11472530886926,13.215961159679175,4,19,79.73464530179953
5.057945444716513,30.11852697706872,2,18,15.614807135015287
12.936595765989036,11.172951086057722,2,19,86.22958016835108
16.491316290085162,26.470832868722145,6,6,34.04986017020267
1.3107897170085785,36.84341089853011,4,10,1.0
10.213533899186826,55.53974652549744,3,19,16.024076148629863
13.94155303600246,52.32771612327014,3,12,16.517072562599907
5.420082577858898,16.37498633359929,2,14,19.061090482869304
6.501532653216407,14.651518737044785,6,14,17.098132045572243
12.465939108292984,39.46336693783336,3,13,19.761355344458906
18.00973822215287,36.60589862293914,3,6,28.60342192477506
16.293526195906537,23.318882071501193,5,10,58.74753958503979
11.871039272441879,54.97265422769176,6,11,12.883047552078404
14.73932349626636,56.368320473077674,3,11,16.297868809225196
7.614038169052074,30.130571917008133,1,9,17.53696537616574
12.998827797925776,54.51512785567601,0,6,15.093844714480703
9.590541026987362,29.19744471314863,2,8,28.075910908170815
4.203754660922438,46.84084159148501,2,15,4.777603735382796
14.183896340606514,33.7971108773862,1,9,45.73335332024013
11.351060428302029,16.12915782535915,0,9,76.14315130141888
7.493120848095032,56.396710061851074,0,18,11.90250948527519
18.271114206533298,32.704829668876826,1,9,59.37940540635732
0.9082152976212987,46.72435201612018,4,19,1.275037058318498
6.657576449365172,28.358690721564606,4,10,26.112544255936477
1.609187256664108,10.944043928811734,0,18,14.930010174663671
15.44728266632173,15.026517934591794,4,16,61.858616641175985
14.191095355218955,34.81097397449622,4,14,23.910212627971635
6.961368265358182,44.49821785631812,4,9,19.35180689254073
13.675426593037924,26.736766328963952,0,14,28.914779972902146
8.220775910821022,44.77442295888252,4,14,12.102491292036307
15.24694893273747,44.9317794715978,2,6,22.646688246064354
9.356581423365768,45.19679536639154,5,10,17.25376475620513
8.539454692717479,34.62609270102542,0,14,13.173595714893832
18.72723335202187,55.7443075060752,1,9,36.45911843440966
5.392142447868655,34.459825899030776,4,10,16.50962669682713
2.848723129933026,32.51325967483191,3,9,10.123866058450101
11.898590708559434,19.96904095053135,0,18,55.71267905848331
19.401775339541487,25.382754367816826,6,7,36.457163743842884
7.86786466768014,12.116724625915168,1,15,38.232991399280735
1.7097168907612397,41.67676468080851,5,7,1.0674960583107802
7.1164527125365655,22.426787196354645,2,7,19.121435875160948
10.36566725923139,25.207762724273255,6,18,39.63446769767696
3.6574986293281673,48.54072608321606,1,6,5.858705397034335
13.332993252101595,26.361059158072695,4,8,58.82893441356534
19.956113085698913,22.10979460065711,3,19,77.19663586211081
9.308919781638155,18.45288745668529,4,16,31.393276611616308
7.417206856239146,48.742920109097795,1,15,8.757878533326343
8.313731253272099,16.485312899501345,0,6,29.893433792750155
2.7453504787064222,32.687688012517675,6,9,3.4138528170348104
17.723835227811364,35.34650580385972,3,6,29.99174011746801
8.589100282666363,44.36949563428573,6,9,10.573806087536166
8.051851022784405,41.664174116649775,6,8,8.565391279391736
13.36396032214425,50.53603364725874,3,14,15.166034395521073
9.119651708156908,12.237571696311907,1,6,46.033594567320044
13.140552641752999,24.822036238969858,5,19,45.55769443366222
1.6982026575503564,24.006705938768988,5,13,4.198191588449547
16.367605202583434,17.30084527960541,4,16,57.83195304404691
18.83982708114835,24.458912692822157,1,14,46.44155437007795
13.150925030108025,25.48826570714517,3,17,41.02644756936697
19.11403561274681,36.09422309637391,1,12,32.200331917214044
3.452930130214284,43.1852239463128,3,6,5.54260254075421
9.809615694866897,29.055025680590703,6,9,22.68002008879844
12.235231311936221,45.97351156566906,4,15,16.494115215522726
11.84386462471314,26.808266928979,0,6,26.55447078795222
8.328504692236343,24.51418386573802,6,9,26.83086390112844
7.092645982642097,37.059402792851216,0,8,13.738806097297712
2.973068439733167,11.18581801528953,1,7,13.279643823491117
8.138977785964425,13.989456181700017,3,6,35.98579683430847
3.67188589455696,30.898477179326353,0,11,7.600207317195309
14.820130691598258,57.145635569587824,6,17,17.137354598981034
4.5722032421445045,46.075588992171184,3,12,6.413961689610012
1.6420234530484101,14.406328475027887,4,11,4.346329693120023
11.271139687436069,52.31590063904368,6,14,13.867951122443818
12.106979788028331,46.61503853040905,1,17,24.767213647038382
17.502304694969858,40.547326285132655,3,14,27.14030594865658
11.751141442144796,51.014648030458865,1,7,16.789937704172836
7.2368766476071915,30.205492387147856,3,7,14.797520707861676
16.15873168976325,21.07505254269264,6,14,36.237741043001066
11.03543841715471,35.60116945543797,5,6,15.426399905016122
2.045965550308239,37.44208777967369,5,10,6.974765911567245
11.53408592610831,36.9163186004956,3,6,16.95735243811108
18.206361635722416,38.253689574005264,4,12,31.586228606166586
8.2280961972153,57.435245911959036,1,14,5.891083388716937
6.278353137046102,55.11228115481157,2,11,7.901320184572263
3.297654411851391,53.78585182794697,3,19,8.424523717484593
3.453187677739468,50.07084054543136,3,7,5.426831508264835
8.939043944665467,57.17140536326427,5,11,9.600154994591398
12.115756571149825,14.924732083970163,0,14,48.45241578227777
2.072000400807234,23.256163072286974,6,8,4.3954978804962135
18.821587485990733,34.75279728272925,5,14,28.09658077013927
15.225105540181321,52.32672465617026,1,13,21.154969981365145
11.939166406531422,35.25828557613663,5,18,24.14379670681316
16.65455408331032,47.40173696707944,2,17,34.26155206269255
2.0636417578362094,16.94799526244581,4,12,5.653009761921327
9.798358115795926,22.62069064882801,6,13,18.987994909464344
12.786815973802437,46.58880475188362,2,15,16.682366779776853
16.65873166930664,18.2367004443862,4,11,53.35305698097084
15.77765642096072,27.567796732746338,2,8,41.75611206299192
5.902850369411293,23.24331289067857,6,12,18.25067215692899
18.847163306404482,27.493084711123924,5,9,58.357800133602716
2.9247439079019717,45.416202453898514,2,16,4.547031982750422
17.565105563112468,28.39235905714005,5,15,26.178639966318283
19.43333486729006,37.76316613039701,6,19,31.498479834542085
3.9544937028411984,14.996593852720483,5,10,22.175391615812813
14.580288251973812,50.25088466173139,1,13,17.99427068884963
1.2855676161709702,28.494431282406243,5,12,2.697373739730537
8.405745090213522,42.42670795166712,0,12,12.165656989879261
10.567524334354644,46.26948008309163,2,13,11.808560995081244
11.822581905237865,20.483046105585018,6,15,27.137374830297073
18.75077634084691,54.2337492476675,3,8,34.3428339908248
13.608888402236797,40.81121258034764,3,8,31.972116839744903
9.884920048775122,31.436257087574074,3,7,21.67321246465832
16.28866320718484,19.116759178910975,6,6,40.9810064667511
19.035390008610975,57.11504689506034,0,15,18.0111508498183
0.9302898993046714,47.75341020658126,5,11,1.7979585840116272
19.659164808992756,20.401228136662443,2,11,52.92361955527206
2.179576711741767,26.885538736211224,4,18,12.50177305367099
16.380542195740844,50.48371290440366,4,15,16.02674167198467
5.966527674752544,44.78388316076695,6,17,13.864445082943998
3.077503326200499,48.289214635786216,1,13,5.305415346217133
9.077184974419781,32.060055110646616,0,19,30.93514694659115
13.057153299228464,45.82381313210835,2,11,18.215469204466505
7.928560977957763,29.324686143195684,5,11,11.598871162676117
1.5640254615126297,20.56314584690982,3,6,4.232721242607747
12.189492223344974,41.633851742067996,0,17,29.657015079296244
18.096863884158157,58.80069627993971,0,12,18.369304332329893
7.972699635971408,25.53004856976648,2,12,16.7371086410767
4.718489163801127,33.048479610626984,6,15,7.673937755698174
9.1302582456899,43.70006855349268,5,14,9.6124186574519
1.443072865451227,37.075314106124395,6,19,2.245911832717658
16.49950789736536,52.17138978545246,6,17,28.78362284411409
16.613645813528642,48.0871353234758,1,12,18.038809935561318
11.966009036877754,12.914860193117851,6,13,42.22490196837729
7.3855063342985945,59.9210616961887,5,9,6.11353309825628
16.095775606692776,47.620122685973364,1,14,21.10087958306826
11.31639698337316,53.19516581470566,1,19,21.702434259113254
16.605680016725316,42.55988560476732,3,6,25.788846617459694
12.813446455368902,52.81425640233812,3,13,14.960135847469676
15.795906727649548,15.61914874643547,2,8,106.57340836373676
12.17197836774632,27.38689177796578,5,19,40.37743689551764
8.575750830205491,53.82104718022464,6,6,4.456132303840184
19.179944268559684,20.082760563344614,1,7,58.36654991520611
11.051719585137473,13.912104929001137,2,11,46.21934946118573
12.2992456115405,49.40594699726095,1,10,25.664090899072736
4.7995089685876104,51.77430778216481,0,19,5.24143477528305
12.70019039383189,18.13261090949503,4,8,70.75906570168036
11.646349164917405,52.717299139135775,4,14,8.498730198281262
4.104348759966987,44.33838977985848,1,13,4.881883047584609
1.6619483983863024,36.004134160829196,2,18,5.616394582859095
12.285006734438037,51.51250963906925,3,8,18.13318761499344
15.39199925233125,30.96246246594829,5,7,26.26041601673126
10.70632673297916,19.699697811169862,1,13,31.802294200788804
4.922066193733091,24.242633830530682,1,19,21.29344476889492
13.497178545514181,35.258200914665736,5,10,20.801225290770418
2.0620616688872437,36.56653963365879,6,14,3.9065686341388086
9.115757243638114,50.27904132206168,3,6,10.661655912416668
3.6856517887691935,49.567636182616724,1,15,7.171097521163321
4.096951495667725,39.06832786022874,0,8,10.38954403164343
4.444732008584971,49.03927416827382,3,10,8.636042535046606
8.040787612357569,19.58867291468355,0,7,25.642254995277778
1.4974290095977536,12.503226354664717,4,8,15.191667253267658
8.256972098117416,53.68169113173501,5,9,10.721032080426593
10.478295218736667,13.777724688138479,3,9,85.45494436125195
9.924238556843342,22.334421487199865,6,16,18.898750077989323
7.964289957859291,44.76594748121923,3,14,12.568382907737577
16.863358857379673,30.472396881365455,2,6,33.10065731483489
3.3338705021998303,53.81569849577544,2,17,8.398783006984862
10.361086503736793,24.898989733113478,5,14,20.368442668104105
1.7098076306528087,10.593567333467965,6,14,11.827243949908384
1.8875357381192401,25.032782028037204,3,16,3.4093220327136535
11.690384068703377,38.90375245924159,4,11,16.988039982726203
11.537359285312508,28.796918770164666,6,16,21.257831053577892
17.621653500466913,36.743637787937764,1,6,30.85093256825686
11.378536675371427,53.82990594175094,5,16,12.285431268528601
19.215924897894578,55.62425271151842,6,18,29.593999216683585
1.4495495437986305,23.298703232705606,5,17,5.468555910976985
2.411149853224451,33.107023663495035,6,11,1.0
1.359284300622437,37.45720076207256,2,13,1.8556023926988146
4.11289858150403,57.45562284441235,4,10,8.689394177566527
11.054767163362722,59.930865958219236,5,10,12.336121471863475
13.088657537834846,21.770362442076333,4,6,34.55739007867263
1.3889105799990416,46.34899356729077,5,6,1.0
18.946432351989188,28.90155311165976,2,13,41.42142338433832
16.92222484468243,10.405409844310661,1,18,191.59019951882598
6.283943402063316,10.462626121795118,2,10,70.08640217765206
2.0051568394161254,33.02830037811279,5,13,4.979029244064957
3.8127979277716166,34.41674565021673,4,15,8.52594987896912
2.9754160682219672,11.128484828672132,0,7,12.685383299901481
2.9040336963294635,44.346370838715124,2,9,7.248040108352815
10.611952928981811,24.700169429747657,4,18,38.77994299400272
5.294025128621306,37.99465507679747,6,16,3.507626552483955
7.4837244723183165,25.04595365827094,6,19,24.156107809285693
19.795354000994287,18.356715743465358,2,15,65.95550496032389
13.844127854044222,30.358686929943765,5,14,24.473584893870054
19.005123007416525,21.61366823952504,6,18,66.89146976450768
3.279852823145754,36.7400488459584,4,8,8.038083879769617
7.9517197592351,19.941426514324,1,11,20.527005826986393
11.317270164005908,35.42029883223135,4,16,18.574235435860977
1.9967822068303913,17.868925743443377,6,12,2.4198864638544766
0.5816551507451784,43.548735474289245,6,8,1.0
13.573469509039892,47.696884222071205,3,6,19.696215299137172
13.01548057762799,15.519711712496688,0,7,47.729621371627786
8.51038179499243,33.39012060186696,5,16,11.729532848575355
10.048059482624636,13.543585032743678,4,19,56.19266562173659
8.601138511545747,39.909122277100124,6,15,8.792401568730417
0.9680983744753326,23.22021489648227,5,12,2.8170061365200407
7.039746321240517,36.3812228419354,2,12,13.23035573562686
3.953103980247152,35.87305046921456,2,17,10.010798637801681
2.4192716874766904,56.21771730969002,4,6,2.7799438681559066
19.15604846084232,37.45416112843614,3,15,28.491285432658785
12.187514638322229,39.149923985915784,6,12,14.144050848761236
14.708797542613752,30.082656288219013,4,15,29.66114927821861
6.649592993689291,57.45398015914084,1,16,3.141127308855533
8.166369025133296,48.85929547198048,3,11,5.53562577546798
5.120017880986108,24.270264515142077,6,16,9.819617621489353
2.3908305838257826,52.210479288811605,6,11,2.955653274037204
3.9911169301108838,31.619818009254498,5,12,6.234876719360747
16.051523883281476,51.4333571766797,4,12,15.482694708336314
13.712143201083629,51.144403414675104,6,6,15.076198575233995
11.1651130817168,19.443509338142718,5,15,27.770287519990514
9.764252520901977,45.05705656917885,6,10,21.21168747102436
18.487468531294425,24.532148465326557,0,19,82.42510862924549
1.9183314816840338,24.87463349963341,3,19,9.22429241409807
5.971715858139361,24.817403844029037,4,13,15.47834384030713
7.323788144628924,46.27841237799741,0,13,11.504341748475738
15.757303338149363,21.491302089626803,4,8,60.585225020913484
19.85403509315844,10.045291762304512,1,8,207.67169148293814
5.193075037764485,45.76184267413166,2,12,6.577268482889213
17.548993015673073,18.559237191756264,5,9,58.73770971386315
16.69714382841993,15.224119765391732,4,11,66.09127987521671
4.880819254014449,21.875806029703007,3,14,10.511767252396048
8.286985313884841,28.9950261161352,4,15,13.968622031866655
8.488620951204123,33.795316373660036,4,7,19.841935941692007
19.575303036267886,12.228502035631541,4,7,99.91828337422693
4.027392076888518,58.528666631368026,6,11,5.634733558629976
16.08358043654325,45.80315267097791,4,8,39.48375542377828
7.016757926375643,26.15970326621681,6,6,14.425862468798979
14.751971742635128,25.934862864269867,3,7,35.68488275654966
8.690214583765426,32.42712746842297,3,19,25.758016576932576
11.77801538077253,41.31224113815165,4,18,29.638792372627076
16.735929579859558,17.318653329448388,6,12,44.86968579458736
16.18122851718574,19.446490688247614,2,9,78.0529944370503
17.395252079024154,52.97172914167754,4,17,40.38102003812075
1.662537844220851,22.812746194453627,5,7,2.9884395586576376
13.994985784275023,29.009749898758876,5,16,22.05105120689972
3.229753846074376,53.563592547505856,3,17,8.894272808291305
8.608462076359015,43.157391469991126,5,17,14.6603691604402
11.197474093566425,27.085593967084417,5,13,22.781025952083915
8.3534199525632,44.18497728623104,1,9,18.87931078507282
10.632427678158646,10.984160769070686,4,9,107.64630541678453
19.932263021573075,46.782133000568265,4,7,29.930152686900218
3.136737617400667,34.35080202581197,4,19,9.484273126178753
13.671392884060298,50.65910736422306,4,6,20.349177982267545
8.222018844519496,57.73188260032342,0,6,9.555507429702734
3.093691078692911,56.28942747472842,4,8,4.797142866290015
3.5953668857990357,55.463252172767035,6,11,3.4991690861941604
19.01082557178953,35.60849779669436,3,12,31.164209771277974
17.65222918587936,28.007105706946902,6,18,52.55256320264612
18.187318228092927,33.25176623653364,3,14,35.11870267559431
19.83488912863404,44.49480016566804,0,10,47.06913219811945
4.5621501051661,54.199888843559336,4,14,10.170046662723383
7.431067078599204,20.349315150005978,2,13,25.15953530957191
13.549771083534901,55.90965792308515,6,6,10.468474517254434
9.93414952728262,50.75901159849445,4,16,12.867408453334555
8.658595900877504,58.94280075891173,3,17,12.160031289294693
7.4773193620440646,54.012588664084355,6,8,9.814796966834551
12.078722322897319,23.996866484595333,1,13,29.928881660604727
11.724071858481599,15.297795567202385,5,14,37.83301739498486
3.6484277642526814,15.612053599579431,1,19,21.51770540547587
9.698926831609562,24.561165928913805,2,9,48.31665210937933
11.292699636092072,40.70918619922696,4,19,21.309840078195908
11.620595305262114,50.21601630485863,0,19,28.12181047398386
4.59709026179086,54.96251534907824,4,19,8.38805586701415
14.974292148919591,41.187669218461636,2,17,29.36357996060057
0.9913823490108579,10.281565637402686,2,11,6.707917585839884
7.419221183091672,19.315838825926676,5,9,26.210458660382038
15.714146646444854,14.986310192668398,2,18,111.01754008639506
11.495911960580345,28.1662237784505,1,14,23.75265651356589
5.592667433961775,35.0675496816873,5,7,6.2721135113622895
14.051585827189431,12.169858928928043,4,11,70.60351589817242
11.56412341104343,27.423898789782765,6,16,18.532096142363677
16.02675038439955,18.95898373126613,4,18,98.18283732013035
14.832991130701556,42.353508312943696,0,8,35.873455327484166
12.397104479706575,33.213618466217,2,15,21.73237228322118
10.019464668560873,34.765882346695435,2,9,24.064285758710618
3.0970514505167066,31.384589401673054,3,7,3.1110681402397438
5.595993848764984,57.80098552432835,5,16,5.7332366472129905
8.672439721883162,20.73675625607816,3,13,26.201842499027716
12.18633609662458,35.833212992193715,5,15,16.94544439227782
10.517303176698444,46.800868418266795,1,13,16.23385106846741
6.119598256210825,37.84222065672813,5,6,5.9978118836621155
0.6260549768993557,56.451044285840055,4,15,1.0
10.176664827065872,28.898417782064207,0,11,22.6997949175695
6.0697067769637405,33.1837902886589,6,6,5.285784010570582
14.824861863855434,14.42611576073642,5,11,49.052973267196634
0.9669521727744281,40.44995555259642,5,12,1.703841762188946
11.904142320462922,24.4105984224053,5,7,27.52939956915376
18.858747631368274,18.015451975778443,0,14,61.715234073742394
3.9009807086742403,37.22656464522541,2,13,5.341283144943568
9.69716506963661,36.615513168995534,0,14,17.21239499883751
2.2827288404341943,13.793582061202377,2,15,11.133523811933184
12.700797289096377,44.91077267472364,6,18,17.437800663538557
11.235367771626398,41.18860953254264,4,9,26.046531005043715
8.44362772215023,19.45086413732486,0,9,42.42430891768874
10.666851918737954,33.471743107702196,2,17,28.90094724339093
17.9832058401457,46.016145823928,4,13,20.26077899128162
4.327738895065807,36.471787027063826,4,6,12.935226151841235
0.9400079782542711,29.77445380917851,2,13,3.3363883712074314
17.30246525163247,26.116922904047183,2,12,37.54679968483434
11.753783106564176,40.51969333220268,1,17,27.454274096644955
17.867839881505926,56.95543491551203,4,12,16.71664485874564
12.140431856556866,43.58724202387417,2,14,15.074604525905912
16.2981412542142,13.737295181815774,4,18,93.26068096386736
8.878630585425384,33.03424867410669,0,15,18.909411494629186
15.122268660121241,54.541206575531376,6,12,13.106290785330827
18.30430860435219,14.723121290054344,3,7,70.81323938567307
11.656397792583022,59.443785606877164,3,6,10.537665564282936
4.025310435966401,57.45346968227106,5,6,2.2667350083011897
5.7415534930888645,13.913724036493793,2,12,24.93708899878441
4.373569249499413,56.67066602247775,2,10,6.949711611118437
5.313712038116792,28.15662951297311,4,9,10.01097031358947
6.475101262345209,52.23545835379313,5,10,5.523871405571968
11.325108841687175,30.919166885663575,2,15,19.7618922243009
11.965836774544739,32.04275563512579,4,15,24.200867192551204
8.816745071216292,41.71215454887713,2,11,12.112240304365386
12.500705206506291,48.723870963799165,4,17,25.03215737312378
2.0907110494216354,11.689457547412431,2,15,8.994463536158325
2.2118706226341196,39.65779977635671,1,11,5.695813306845059
3.8506744769743397,19.33664970486855,6,6,8.360402796164657
10.602511211786723,27.297475893160147,4,7,21.945636057270587
4.672896234617115,27.398433307760826,6,8,10.826412622438422
6.024045868105258,33.45301701105768,1,9,18.388003152805844
8.306100305373384,26.70682059380867,1,11,18.375184620589415
16.331389418202406,15.368055922533388,1,17,86.1589970838906
0.7703116503007723,17.281436926272573,1,17,3.485748960845015
13.162886994614137,11.671899278054884,0,16,69.01302892169676
13.543092355293364,33.512454266437715,6,18,29.278111230059025
16.073787716954413,57.722384742649425,5,14,10.7804210028158
18.688682311676107,15.783761182405827,6,17,78.30417240095456
0.8926880545111516,57.3132246501541,3,7,3.245901918002803
3.4987822575077154,46.66807573660468,0,13,3.3647407602278108
17.780340234091863,41.874940146708155,2,14,25.25409430316243
9.441111962646799,42.263887766178144,2,7,14.633476266475961
11.509517459202538,51.33638241981411,5,14,11.1215612974953
13.429030472601374,15.345993218991069,3,12,52.71914549007723
13.741798787664928,35.23771617827708,3,14,24.409650507502825
18.66893786467191,44.854556913037925,3,11,25.679560250012287
19.94051363952756,39.34102225367818,1,7,31.127820654648065
14.543070488153335,51.63895355116473,0,13,17.08049938479502
6.100813579500441,13.613585450567575,2,15,28.166293753537076
17.6551718447397,44.5350519749583,0,14,24.20536273789929
1.4598078335448514,36.70138651923588,0,17,3.421195373421682
5.006076631052676,28.95804319899717,0,13,13.12213696563818
17.99902149054244,27.013749111701543,3,7,40.84435989023892
5.495734531567422,41.041631638709646,5,13,7.088606845003839
4.802695662624095,54.54976873221324,5,8,6.259195914127088
3.1934432162348214,34.808796305055765,3,8,4.980727174790028
17.252679274114872,51.23615820384601,2,14,22.48712371708648
10.25113605422619,30.107819092198376,2,18,26.65808132738629
13.660417459556019,15.119723139658827,2,14,56.04412083432229
5.1617944894630785,13.075286822931927,5,14,19.344531596637545
15.281788209718721,12.566718566183878,5,9,108.43357286458689
15.320108126760921,29.007507097883497,0,17,44.88393811890623
6.595661485711853,26.861887541792104,3,19,26.144503124474213
8.508311343700516,45.896851181128476,1,12,10.28917454524479
4.588960409888917,47.14107507924329,0,18,10.359558227586376
19.542939954796633,12.54269844168699,4,13,92.06315535508963
13.089250252639026,21.05616314445075,5,18,42.085369479671854
18.72360567395255,23.713092507944985,0,18,78.2455494167818
6.416018100768097,37.38059920714047,3,10,22.406829942414962
15.74687280343935,17.225761195347513,4,18,69.4965154349836
15.434243555752468,16.697060970000017,6,6,45.29270672987679
13.98728521139756,57.1894444603979,0,14,15.089843032954894
19.329960017702607,50.21014536488905,3,11,21.11453243071521
8.174329054073153,19.032745104558515,3,8,40.2814322342243
3.048987810000267,30.32839039527455,5,8,5.758589986088421
13.598322755259185,27.781099962878276,1,19,38.40069574309909
14.72154110930552,49.55020370327036,0,19,31.51117053742604
11.713681182446885,35.5106458239061,3,15,18.157289362869612
4.532948916101227,16.39248684967335,2,6,18.119738470003085
10.33689086255243,46.94960315781219,3,18,20.395388156041975
6.587699863098023,29.844398911245946,1,13,13.480886225776311
8.835597299250436,23.146212381607352,3,7,20.910324909473943
13.081762228970947,28.774931101036007,5,17,41.97767847551614
15.031687482471273,34.88782818034482,6,6,22.83593378465564
5.028381472576191,27.155775820850472,0,12,14.952547906366664
8.40384453261559,22.09528862958789,5,19,27.032997567896352
5.748650634336769,29.92510144019902,0,16,11.9746169719694
4.373316470306448,10.958645537494911,4,14,25.094628083553783
15.776050789918848,48.624892304815695,0,11,18.021413300634016
18.23042754152135,18.54724467837929,4,13,60.56900228850324
7.719527620849246,12.195230681531863,5,13,32.251737234592866
15.149939025288454,42.68493464525396,2,14,16.300970066254706
17.991408142606016,48.69680644118361,1,12,22.4528173008325
16.999422105339516,50.69145657964216,2,14,23.101225389529002
4.064861076514905,34.675459133029996,4,14,5.691085287182014
19.147691689510545,20.268409234499266,3,17,102.84629238933626
7.845190588374518,46.86138386249134,3,16,9.989422001482714
7.115192892889809,44.985653857716855,2,6,11.64203141055268
1.7174108819167166,22.31353670515866,3,11,5.419255862199904
9.980386255045218,55.170387793139646,4,17,17.75053977675616
2.62576550499811,15.21857290414145,5,13,6.430486388089839
5.346526508084807,59.13441197956628,1,15,3.228298950912532
6.680381124461987,53.01239054887323,6,14,6.414285393831818
16.27211330808784,44.394932273953756,0,9,41.72387700635706
17.57202868271998,56.937494413991644,4,18,26.172926942346713
6.398093190498659,46.11555841618539,6,7,7.540743893437253
17.244613364269192,19.522849851502297,4,16,51.512118357762816
17.216003278710925,32.10780690564059,0,14,32.683886757818215
15.410693532505034,13.575151216581768,0,14,68.29364780041253
3.36055472329604,29.48287111440577,1,17,9.04781443902691
13.961295514564215,47.08015098686043,1,13,16.95432760957614
18.92796925932109,29.322167546540868,1,8,67.68871501213046
13.809539335959563,26.514708773406706,3,10,50.84583981089724
6.9665285576027625,39.7677861255156,4,7,11.142292646570311
10.26129668990121,53.61022644994475,5,19,17.139458934138382
13.091638345345546,12.379159627305622,0,8,109.73350372539349
10.45612297020582,29.27352173498677,4,6,21.764963633743648
2.8390823637539113,17.912037090763135,6,9,14.421327343202684
6.585248870714403,44.76771253659348,4,10,13.600726087339215
16.146722595795836,15.286228021556743,1,17,105.24026112496585
17.29765189886259,43.24038792901223,1,7,23.1707025294461
3.1773506379536194,24.309043539895367,4,8,15.069743521790851
19.07154167177513,19.945840686861235,1,17,74.68502778852111
6.912041048047882,56.817627891249266,3,11,6.557508888590569
13.415117905249039,10.926228837297794,0,11,72.25507436533896
15.160590346155283,31.888863594478448,6,12,21.160709988884822
16.332951575438727,11.08134962308969,4,17,139.85648440671048
18.942119193405638,34.17965240521645,0,14,30.57090496559438
6.601931186562041,35.05236888972091,3,9,21.62555970142598
17.240875863755313,26.08312356973735,6,10,50.55720260578662
3.0678946170060373,16.608088876251184,1,16,13.184215792470535
14.248297673895058,28.819376886723767,2,7,34.06234155244503
14.968565725522724,43.6131469966283,3,11,16.93563304897301
13.715603203425749,49.119790432222956,2,9,21.625217566249184
5.420137354635483,36.537530119407116,0,10,12.559231785930924
17.524341366796467,39.49171972198778,4,12,26.901374000893057
3.792740035722703,20.030818556232635,6,11,9.81764747838041
1.5458784346562013,24.366516661382473,1,13,2.5863189585640134
14.490567316932287,18.094780502617922,6,11,33.383751715737965
9.771776447038308,22.464767500230565,3,15,28.168147271467145
17.057411389194183,21.244339011276587,1,19,92.92635175353651
7.976244250636049,35.97243931956188,2,13,14.73039219166956
3.7814324759004,38.13443778953647,2,18,11.255220652504555
16.81062275316246,57.247371041075226,5,19,28.3300184619185
11.203737816981398,19.778532355076152,6,19,43.832182049303476
4.189317951611921,42.0837855080748,4,9,7.461653687685354
14.547487972435691,50.862963449376146,2,17,25.489549005939203
10.466715950545261,38.01207318915263,4,12,16.58297234709605
12.284103153686237,22.750182625053785,5,8,37.394946076204626
9.487517595028347,23.12751150100001,3,6,22.66417713395263
16.659825184451126,11.962652653549995,5,18,88.51730358574534
16.67647295581947,25.272211327424085,4,14,44.98319100398672
14.333082025575532,47.23018395016901,2,14,16.91853466573294
2.5553268592310143,12.375887860355519,0,11,11.479707767077313
16.857650307129344,20.964764125241533,4,7,50.74967033495549
13.584753120391742,45.3116249265891,1,13,16.862879902407965
14.09197123708384,49.13257814114383,0,15,16.677698748061857
7.578165387875496,32.765920503096424,6,11,9.635123832401197
17.64595134506163,44.90371692393244,4,12,22.165826152225456
14.64474620457972,29.3976084327446,1,18,36.52712859772511
2.695514097319292,17.995662251206376,6,6,6.6425363028392415
8.451671670920172,29.907474676145327,5,8,21.627797383691963
17.784417058222765,38.99839101015714,0,6,30.243947396808245
1.4203356830988905,57.402664092644514,4,15,4.68329236674382
19.247624083019964,13.437547604433867,3,6,86.96736709571532
13.743670082231475,35.36970469224803,5,17,34.70576554726582
12.811831564045844,26.44598891053622,1,17,46.2128484303826
5.775905501515832,35.415584713834726,3,16,8.861633937066976
5.3514398804139525,11.198772368826583,2,18,59.492174490112696
18.87013528002761,25.651267735079067,5,6,36.5066283574819
6.316312857565394,50.99340737635025,5,9,12.57832558980748
15.622353286020488,37.69708669273187,4,18,43.86513350767661
8.165875065038044,32.52912464080587,4,12,17.186948597036714
3.2154543803017277,24.27625358576698,1,12,9.772141497661323
0.7089483050594996,24.902126139567795,5,17,3.5265324313724604
11.113018071797391,29.15507167952922,4,18,29.531827345289575
19.527686961704187,51.77853549822802,2,10,39.85635455585183
7.698155779279487,58.36066034041342,6,17,7.426987604389582
7.465250512864374,31.932769067518727,6,11,9.483929750060964
7.209786548064121,29.66764193738809,6,7,10.537314941987649
10.65060482744474,52.32753879099314,4,10,16.165027660758234
9.092965226773725,31.34526603181518,5,12,15.09149786913018
17.65833522117678,37.60090861478256,6,19,44.02263383911291
10.357655438608061,21.547083229937222,0,14,31.099223964691937
10.401277844677091,47.17512678895376,3,11,8.336180517237207
3.1982460970508537,36.59941591353909,5,17,6.602717199242315
19.663421047752525,50.45172751201708,2,19,30.40637694747808
5.374471371942179,49.036636501433485,5,15,4.569646173962594
1.930599315462252,20.750238413501428,2,9,7.218457888818874
13.43135185501657,45.78177752788812,5,8,23.77186238843704
12.109644218059017,50.00272039756857,6,14,10.095203507656214
8.595340252858541,27.305362039119753,3,12,21.92649615877947
8.732748560673222,18.630455645113727,3,16,29.378237910204508
15.808746460405409,10.13160777897941,2,19,128.82251213760622
4.316396481943157,32.54518265465741,5,18,5.1598431646891925
16.49493971942535,27.62163657694208,3,11,37.601754535456266
13.150568720952855,37.745491691270445,1,12,22.486828121553085
8.669910588700725,19.402054629439288,5,13,20.636416178943563
9.431558023385438,52.98327738332376,3,10,20.899042305462356
5.504620540128868,22.887760781405483,0,8,18.15935067848251
15.166229487591009,21.3214802543825,0,8,79.21773674509733
10.501057474952722,34.03570282421779,1,18,30.308705109269077
6.75666358362195,34.94255118721371,3,7,10.263211563323047
12.12297725733853,20.75426143925464,0,13,35.11942621478826
19.916821815000798,23.59303633629579,6,6,45.61199700056091
8.9876144533028,18.485261957762248,5,17,34.169129964928125
18.45348231518308,45.92300891615834,4,13,24.774385772457904
7.227828378529039,48.5044515627041,3,8,10.771123016292849
1.5672877850372249,33.11642487296413,1,14,1.0
4.482721074184363,45.70435113425087,3,17,12.303488668696437
8.664555294889842,46.796769596872274,2,19,20.343990394791103
4.782881107594096,16.91377638389043,2,17,27.103332093642535
0.504427245255983,58.308901241726836,0,16,1.654783621371617
18.34252998607678,51.05159735482155,2,7,19.98603265096774
16.955648519003116,20.224173059791177,1,15,48.54920147662206
14.974698513995468,19.30825178730351,0,14,47.974787300472265
3.7723846150975584,16.283057278979136,1,11,11.794712147846969
2.8470897360947283,16.918928127095917,5,6,5.915450459726502
1.8182926147114715,47.40808995143481,1,10,1.0
14.618569181071964,33.482712847581176,2,15,27.44280744829795
18.611755233413763,49.14670863699336,5,14,16.558252848206212
8.895448507804222,47.31274471751027,2,18,15.492078110846032
2.8232431039229393,40.230635675261084,1,11,1.6060962760586839
10.491660004276078,44.318330328933975,2,12,10.927389724504138
7.302222195443288,10.91778621895709,2,9,75.04813692631402
7.809086024824955,25.588882340251097,2,6,17.99347131014309
12.615947171036291,41.891108962970506,3,10,26.62733485681447
14.515003208612946,10.46724767431221,5,7,65.58901667924647
2.6567701780266364,11.64884718412967,5,13,9.98165383509385
1.1940095007262896,52.59439912351916,6,9,5.491183487453432
19.88944090237144,44.20124308460359,5,6,22.129648701255263
5.0382028038532605,23.268486656017195,6,15,10.671172080835785
1.549695235714952,44.39814200593545,1,12,1.0
4.2025689173704395,49.622833456963164,6,17,7.55843279413285
1.2596780037950523,25.339714155505064,6,16,1.0
8.140312445034848,11.801868874959373,4,7,42.422234499475024
16.146834796800825,56.638956234386725,1,8,28.611009161631394
7.154266770275552,27.258991914781525,5,19,25.739720753851977
9.161576434128147,15.324088164235318,0,14,31.934252892694673
13.673942084565056,34.59284356965737,2,18,42.89097211390426
10.423434366362663,48.42338978320669,2,14,13.622988945583673
17.298190877415824,21.08236573087796,4,7,47.72167954282196
17.38769566339225,23.474502506668166,0,8,55.27103225098486
0.693258562077496,22.13574933992916,3,16,1.0666273648868239
15.671902976422384,59.58365264158391,6,17,17.126727096777323
9.48430520471264,19.870186686527127,1,14,25.598501047946016
19.78239055542143,38.7760108483062,3,6,28.9082480024748
9.923025479570985,56.26323208284822,0,7,8.05515070440663
19.744470935071803,17.344828443888964,4,16,67.43142260482959
15.214102543511864,58.54270989338501,0,7,13.416283552406021
5.347795249959473,57.37386171978123,4,15,9.93309000782141
10.998702096095675,54.22859935291313,3,19,20.344731625364865
19.846644969832365,20.727826066500114,3,8,70.18382046420787
17.22184685116251,41.70275280054916,0,15,22.858122823124138
2.398654428928811,48.044573648062006,0,8,2.4435308173634227
14.274253937794924,59.301396409821486,6,15,11.253271798124452
7.238801924480855,19.02119110406852,2,18,38.2844247197584
0.6361541066667883,48.30129497596482,4,7,3.1849368975379386
8.367878896026493,26.940058496355647,2,13,19.03271440632133
5.07771122363694,18.781323278400116,1,13,15.633212774120553
16.467950775149195,31.068847060692747,1,13,32.905706501360065
7.0779468724924275,49.69179560743082,0,7,9.10584836001358
16.63671203209943,33.24249018520261,3,18,45.13963310892979
0.5116598072785086,36.876155010152424,1,14,1.2272480207417629
6.502473425509323,59.75797051000606,1,16,7.418431416176434
5.202721679001358,29.9554649778713,2,12,7.579710856315062
5.054563540837914,40.77003773546199,2,17,11.715372513755979
1.8296390854265225,28.262210080768593,6,10,5.958372610761205
4.148923273004783,29.639282316435246,6,12,5.848959352825204
11.333216612769588,44.782037672270405,1,13,12.68897862429802
6.181540920336017,56.894348804744176,0,14,6.529418643201338
8.639198255418385,37.11794752461607,2,7,22.260783584785845
7.848904166770176,48.41999644743899,1,11,8.0798281628165
17.580146037497943,14.460327940848192,3,14,72.66048966214699
18.15333048070505,20.55790187159635,2,18,90.23336908265672
10.112660947289271,35.10658204597662,1,11,20.829607561303014
6.938041031154286,11.00058618143874,6,7,29.106895680842484
2.582613728046091,22.64274893812794,4,6,8.7727823585805
19.09135614795085,35.87006449124831,2,17,60.40279375889008
1.6744254255558002,10.748059912815036,4,8,14.91040646238211
6.304180412581468,23.227314311302084,2,16,17.53466010849687
6.312290922815081,35.70154097379347,2,10,19.071282891442248
6.7478250797341905,38.65746239906228,6,12,7.12505156385036
3.703593443811981,56.287584652765275,5,15,6.596420465204053
15.771647903012095,42.267281162530395,5,15,19.209422924299076
2.8887083083367897,30.736790126499688,4,8,6.5463953191589646
12.880679853486674,56.51755885665339,0,14,13.418905531699881
2.9149975207634404,49.244149169389715,1,15,2.512710920755575
1.8754449330626528,20.00044605563738,0,17,7.199396667149543
18.233875321874592,16.54211806744099,0,9,83.16534992380517
4.207510943214761,43.790581787136645,5,15,5.198773217505996
16.514378013914232,37.99415827884919,1,7,28.947493666364718
11.120301986589148,49.48368068963779,5,8,23.18382189412998
2.018202132371007,46.940252503934325,5,10,1.6100141081352142
19.131239733042317,41.26057669287575,6,8,39.45363415149639
5.315742756341904,59.31910858144461,5,10,3.760196201369954
17.263084234375828,36.67948650552043,3,9,37.99610358615504
3.7917951127990013,15.655287825085992,0,18,19.5539661032687
17.151886201766132,51.41367824079942,6,16,12.877073894823074
0.7579618516532327,22.59266811728545,6,15,4.4105590388488585
10.479718903104873,48.865107407195914,0,18,27.16099582941483
15.504130298720357,57.85535480000257,6,8,25.479937133565926
18.728512591109276,44.83977569821706,0,17,38.526009659739856
18.2294416560265,39.80150804749006,3,11,28.705941014351048
16.482684956179078,33.01930878375203,2,13,29.781446197741957
17.81973131839543,28.220493299770162,6,18,42.492262249894935
4.384783873822991,27.650237548591814,4,17,18.490001884682425
6.0415937663787105,41.81863528547953,4,9,15.820446245538527
6.134886235960641,47.56365584688729,3,14,7.300034308792284
7.852551654533127,43.925853474220716,0,11,12.253826354160266
8.16975307251118,19.920505059678135,4,10,31.252999146535714
11.118828830766173,34.699359007174564,3,8,34.34298758371659
3.617655385645607,49.58200360915315,5,10,3.23329384290522
13.979309943826792,33.78520390945281,1,10,50.37708955775749
3.7675475164378764,36.83116398677469,4,19,13.29998292503413
6.5510154010386765,48.55680240854111,1,17,11.145575870546448
10.315230046820004,43.063265313254576,0,17,25.49883553726682
16.030590949707808,30.46724604411963,4,9,52.30931089114033
14.919650048155182,54.770635559710946,3,17,29.72780302240897
13.087919950005183,18.128353433173928,2,11,43.142302176224185
3.5375785813133183,59.77582242951624,4,8,7.629213397228691
11.167384239503765,15.94262892381186,4,15,40.946836302023286
2.205206785097766,10.747498555211944,4,6,12.166333010371602
7.85858194753469,54.50094505743824,4,12,11.703644028397584
8.563572340654204,22.247675418297803,3,12,26.17963107552955
1.2763230691921996,46.484981372336044,3,17,5.186397763297907
5.8427679396644505,50.55076874660347,2,9,8.680447463142304
19.135164611696542,52.94931955160584,3,14,20.268534794030383
19.095835852678945,59.57971178320834,3,17,37.080313077729095
7.370377557924516,24.701985501999953,0,7,17.95921555288286
1.340452124492319,45.51216709636296,6,18,1.918206127885059
3.99235131689954,15.76999291404141,0,6,16.302266901830862
8.148246971954032,30.34046456784247,6,8,17.249768327908896
18.98170411039998,52.39858466562952,1,12,22.373177358955854
3.253381738975106,28.38290230295542,2,14,5.943994158115678
15.388558951530138,39.554769026780704,6,7,16.27625388806387
2.6193095178064953,35.1886721862317,0,11,5.855453639810102
19.634522759129897,42.297576555602255,2,8,43.3277048435658
7.941521732628132,58.644719469384746,2,10,14.564668171719282
15.617073508531593,12.786776325070106,4,17,102.35201748923114
7.18052611481707,38.698075875081486,5,14,4.852895547412969
12.73954310459677,53.15143896251424,5,8,22.364285142609894
4.244313652430716,34.06913558742137,5,6,4.849608045330653
3.3474098762907696,13.92635929707864,2,10,29.375259070956222
18.79225072157856,38.02696762083855,4,6,30.50024482760967
18.394121919136452,26.60369454119102,1,13,39.32759693327642
17.805644334151207,17.747089266896793,1,12,58.78268794343374
12.695952278248573,52.45172566417365,5,16,10.240165624941634
16.261230118717425,36.079975649556076,1,7,25.778755222587918
1.8462202697718109,56.66382061895333,4,19,1.0
7.028386316868243,50.30082523015345,5,16,5.109974944266713
6.6172109327645465,44.648589688683366,6,14,9.04867538642673
12.895083778075959,10.251275168265597,6,10,102.62610253039637
7.44117658267749,31.3911728319125,4,12,12.870291358855125
3.395882242051776,19.874314082601614,1,9,11.3396789792465
12.131107970564102,55.53989555244339,5,17,18.286288631610155
16.38048645304709,18.729199233818015,6,18,70.61740272494082
7.951408141969477,24.303002582964275,4,6,17.629293867258806
3.0792399444203933,35.84183838672496,3,19,7.065050260223842
4.33541984760005,23.168180949903963,6,13,8.22921555129221
5.130924450802988,20.493233863956057,3,18,28.398784452876768
6.348003063393456,39.95496625513762,4,6,8.133943422235467
13.034503874873028,14.446476137751194,4,8,88.37526794053468
12.21843694848552,12.908387936046235,0,11,55.365035484477104
14.073557300557264,28.61226475930357,6,13,22.30765768479258
7.568788698364507,46.03322272539312,0,13,9.253748193752285
16.567954211659575,37.7403379136974,2,7,27.046628568548687
4.479709392537325,31.143823423338944,6,14,7.402397458453648
9.646294576604001,38.28757821122912,5,9,21.40393765110227
16.118305070057893,28.27257423266368,2,9,60.25741112101169
4.013093630786075,56.80731677160564,2,19,10.666849057685273
2.6423307179452675,12.745244545538716,1,7,14.412404546135702
17.7318373699158,43.66957395149176,3,6,25.459170815010328
7.18712842380432,54.56413324138752,1,15,4.360471218753638
13.835467435726123,50.19423543676267,5,12,13.444752570506639
0.9942977831468003,19.20205174107234,4,16,1.7559038792932606
13.955914323984267,24.796317449014417,0,15,31.856300629545093
6.663975575165925,45.85239693535524,5,8,8.621903301846041
1.586946644955114,14.213527959038277,4,9,11.325696312330122
12.391348850188281,50.593084991629205,5,16,13.532801220215925
5.195674413426878,45.94534723023951,4,14,5.54599962429561
8.04274122001166,46.48033246176713,6,11,8.474938090610532
2.071325839587015,15.01206851337957,0,19,12.319333455467383
3.3696833963514337,45.888027240811546,4,6,3.9258311329201723
6.310556092168953,43.9909062609985,2,14,10.60219442225258
2.2503102609230643,51.546124541092524,5,14,1.9691897832234049
18.261112161383146,12.079797812823475,0,10,167.17512424865618
0.6179173420875792,11.15553342338961,4,13,3.600845651386236
9.935274267854073,28.650354993928037,2,12,24.439336920905184
2.903325433584753,17.439414192457644,2,16,8.588842976522365
6.499742244819997,37.9192238785111,6,13,11.32477537215832
18.558161416456176,55.86744507533744,3,14,21.165851548859298
3.6530437888427434,29.573986516700785,2,19,12.417741224941668
19.333730234507485,52.247518863630205,1,7,23.95335112153974
4.512990351293723,10.012043725893324,0,15,27.400958865044238
14.960539115103177,18.42573217295921,0,10,95.07833525002015
11.16020666549758,11.521176982704281,0,13,58.47148699153298
17.747335188136805,26.407359025753433,4,8,52.97100766975471
11.302868482311053,55.40947978482514,5,16,11.734542811247557
10.923904773548019,14.847606179949388,4,16,39.6420845022016
4.311431007183797,40.32048883719002,1,11,3.556001687073707
3.7414725600073453,32.57479695597221,5,11,5.985785536142059
18.371538446752528,56.923410618290625,6,12,16.157045830415214
6.892844877575664,16.125957126854694,2,18,32.63315329008114
7.755603971776471,20.601392525111446,4,16,23.302166725158155
15.316561339353573,11.477098430574664,5,8,86.79585657609374
7.1070579072447435,31.696762481568687,2,13,13.063800795045472
19.065217709460555,23.891644978232712,5,13,41.16247860260832
14.889591495476607,53.49529669451604,2,14,19.93296426994929
12.14987023018169,40.24704065988775,5,13,14.733921182714575
17.677455630622674,40.70453689878508,4,8,45.16616851006822
1.4673152128149136,36.59553484406512,4,11,1.0
5.512722497689571,14.59251686146005,1,14,24.81338424630055
9.568208517307744,32.25093418626776,6,6,17.17261437375514
4.92608151969466,59.97525948542582,6,8,5.59410031880962
15.006151152391963,51.76146454230074,3,7,18.62802728804423
18.42455660554764,54.672952708355794,0,17,24.643230724190683
8.763517338653006,51.16131796232497,4,13,8.703965905617062
7.171585702181951,15.152084671549133,4,11,27.357769925265178
19.250239276682542,21.37241270323998,2,15,51.092794809122424
9.174622440137046,10.156082567820482,3,16,53.725759347746894
10.036443808761023,25.175506243905573,6,16,18.527711919073695
7.357172510667155,15.430370117324628,4,13,29.841444987824097
18.236195223736697,33.639667265079154,5,7,22.99319224652332
11.59463192399609,43.8563744286951,6,16,13.936798169425206
15.362404450042071,53.72526475190385,3,11,15.578289593246804
16.330231007842286,47.46085825454491,0,12,18.08764918638948
7.166056317386534,56.92927978892526,5,13,5.649286690664978
8.95703946074741,12.69491451968944,2,14,43.83915981753729
17.04519960092216,10.608991770827071,1,10,157.3625831948714
7.5834793576783,43.06690569181063,5,16,9.479940084246177
15.9817351023111,24.46762051111231,6,8,42.58966014294066
18.849350290201524,22.675050805288656,0,7,56.14622077981913
12.652602274826137,26.544354384689715,5,13,22.254455098854947
14.961732105311834,23.489802894618208,3,6,37.883768974588335
16.199397584802128,35.571820315079364,3,15,29.539829262245537
16.97827315348453,32.00742236120662,0,11,31.723457357635734
8.203540088207522,35.621427568832814,6,7,11.55627210439101
1.4996374539319643,43.63568057502181,3,8,1.0
8.33658728911642,29.356525448557417,5,13,13.387079624473694
13.63824648078975,22.56538435710784,1,6,34.85308226315478
9.281832522725459,18.310026840437274,5,11,23.37344280099871
15.104781441777773,27.473705976631276,1,8,43.350454196926854
7.461157374638946,47.0903237623086,3,11,9.396793857217448
12.877510751528575,47.835245505573475,5,8,22.129481580213135
4.135186194652505,43.34526933421051,3,16,7.632033370966144
15.11270401457666,21.70140876534373,6,16,33.07245117034493
11.141071391854004,39.404312292734886,1,13,17.563202755899955
4.479255576658711,38.5344830788424,6,10,5.552576747402756
6.192267883207242,34.21330990548627,3,9,18.691628781220306
15.097869817345732,37.498949319193216,4,14,26.263293362688948
9.910724095399653,34.589531631183405,2,10,20.735656946051424
4.712613087664908,38.27281830370541,5,17,9.366446402471649
19.361788212220805,45.77529773105644,4,19,43.1813282441027
14.444937886429315,15.481409720171987,6,9,81.57286553841226
19.164129234526026,47.481287607451186,3,13,27.065236872494204
8.828548384526693,16.79430750637971,3,13,31.47542868341785
9.764456643488549,13.331399920518734,2,13,45.68005888190007
18.010126715607875,58.80398431107338,3,9,31.49622345568842
10.738462134785001,57.84958844352207,2,18,19.394859097073066
14.291938782160509,13.021827247028202,5,6,54.104975396867495
5.417371111162835,32.16267207374811,1,7,10.355014879476885
9.21116613970149,19.312246914988737,2,9,56.27045853735986
2.9072723833019247,34.26724485672091,2,15,6.298424248565916
4.5166106996007525,51.50886214997937,4,7,3.5984547701111094
0.5183965977188062,57.53058873714451,3,16,2.9751298024486923
1.2656685071488745,41.712632672576866,5,15,1.0312829149972118
19.55703455195012,27.695283360590853,1,19,63.04913196579536
5.225897055166865,40.16627828222992,0,19,9.935712529345176
13.434558835328039,25.60006530542252,6,8,30.63253951186716
16.862444126592425,55.49118204160302,2,14,17.37961223511203
11.237878955113002,53.520023155291845,0,14,13.65083233816138
3.486317751637146,37.91158751398305,3,19,8.514178600633528
14.698270528055245,26.23994576901803,6,16,26.175171608029032
12.20490249694187,24.66948377914892,2,14,30.390997526592457
14.759386492273814,11.670899735252974,0,12,74.81880223136159
15.5100591457132,50.79104255126476,4,9,32.516952733005866
19.52050216985253,32.5191606519504,0,6,36.66940189583401
11.684483960520845,26.256646420013222,6,8,40.137124118414896
7.162001697466735,33.5555177498877,4,19,17.391674340372667
13.145058859554624,50.9368995227326,6,13,11.12792789410451
1.8345938302312095,16.23071038537606,1,9,12.542251757888172
17.999247707270932,52.882799412091366,3,15,21.649774539223266
2.8279297210948373,54.8754417554177,5,15,1.0
6.892935338773456,57.335395751694406,0,7,6.347621973501209
16.407034922209355,29.87439962113139,2,19,59.6735028380066
12.147591377448881,20.857020201883593,6,13,29.924280134188617
